,date,adjClose,1 Month Change,5 Month Change,Unadjusted Equity,In Market?,Adjusted Equity,Adjusted CAGR,Unadjusted CAGR,Max Unadjusted,Max Adjusted,DD Unadjusted,DD Unadjusted Percentage,DD Adjusted,Sharpe Ratio,DD Adjusted Percentage
0,1995-01-31,29.2715,,,1000.0,,1000.0,0.0,0.0,0.0,0.0,-1000.0,-inf,-1000.0,0.0,-inf
1,1995-02-28,30.4661,0.0408,,1040.8101,True,1040.8101,,,1040.8101,1040.8101,1.2875376114607207e-05,1.2370533409127378e-08,1.2875376114607207e-05,,1.2370533409127378e-08
2,1995-03-31,31.3145,0.0278,,1069.7923,True,1069.7923,,,1069.7923,1069.7923,-1.0671178415577742e-05,-9.975000208524348e-09,-1.0671178415577742e-05,,-9.975000208524348e-09
3,1995-04-28,32.2421,0.0296,,1101.4831,True,1101.4831,,,1101.4831,1101.4831,4.913656493954477e-05,4.4609458773852066e-08,4.913656493954477e-05,,4.4609458773852066e-08
4,1995-05-31,33.5213,0.0397,,1145.1826,True,1145.1826,,,1145.1826,1145.1826,-3.9256953186850296e-05,-3.428008178507977e-08,-3.9256953186850296e-05,,-3.428008178507977e-08
5,1995-06-30,34.1989,0.0202,0.1683,1168.3332,True,1168.3332,,,1168.3332,1168.3332,3.8614678487647325e-05,3.305108378983609e-08,3.8614678487647325e-05,,3.305108378983609e-08
6,1995-07-31,35.2989,0.0322,0.1586,1205.9131,True,1205.9131,,,1205.9131,1205.9131,-2.5292251848441083e-05,-2.0973527734661048e-08,-2.5292251848441083e-05,,-2.0973527734661048e-08
7,1995-08-31,35.4561,0.0045,0.1323,1211.2817,True,1211.2817,,,1211.2817,1211.2817,8.434841674898053e-06,6.963567331115505e-09,8.434841674898053e-06,,6.963567331115505e-09
8,1995-09-29,36.9588,0.0424,0.1463,1262.6183,True,1262.6183,,,1262.6183,1262.6183,3.5540815588319674e-05,2.814850346167141e-08,3.5540815588319674e-05,,2.814850346167141e-08
9,1995-10-31,36.8502,-0.0029,0.0993,1258.9093,True,1258.9093,,,1262.6183,1262.6183,3.7090063041384838,0.0029375515182525737,3.7090063041384838,,0.0029375515182525737
10,1995-11-30,38.4893,0.0445,0.1255,1314.9047,True,1314.9047,,,1314.9047,1314.9047,-1.5519649650741485e-05,-1.1802870315043732e-08,-1.5519649650741485e-05,,-1.1802870315043732e-08
11,1995-12-29,39.0884,0.0156,0.1074,1335.3738,True,1335.3738,,,1335.3738,1335.3738,2.7428302018961404e-05,2.0539793441328115e-08,2.7428302018961404e-05,,2.0539793441328115e-08
12,1996-01-31,40.4791,0.0356,0.1417,1382.884,True,1382.884,0.3829,0.3829,1382.884,1382.884,4.71863472739642e-05,3.4121695871789826e-08,4.71863472739642e-05,,3.4121695871789826e-08
13,1996-02-29,40.6083,0.0032,0.0987,1387.2973,True,1387.2973,0.3873,0.3873,1387.2973,1387.2973,3.695268469527946e-05,2.6636456868530962e-08,3.695268469527946e-05,,2.6636456868530962e-08
14,1996-03-29,41.3079,0.0172,0.121,1411.198,True,1411.198,0.4112,0.4112,1411.198,1411.198,4.420668028615182e-05,3.132563983661529e-08,4.420668028615182e-05,,3.132563983661529e-08
15,1996-04-30,41.7569,0.0109,0.0849,1426.5366,True,1426.5366,0.4265,0.4265,1426.5366,1426.5366,3.774799847633403e-05,2.6461289865492436e-08,3.774799847633403e-05,,2.6461289865492436e-08
16,1996-05-31,42.7048,0.0227,0.0925,1458.9196,True,1458.9196,0.4589,0.4589,1458.9196,1458.9196,-2.579784063527768e-05,-1.7682839160758196e-08,-2.579784063527768e-05,,-1.7682839160758196e-08
17,1996-06-28,43.0795,0.0088,0.0642,1471.721,True,1471.721,0.4717,0.4717,1471.721,1471.721,1.235146078215621e-05,8.392528734832355e-09,1.235146078215621e-05,,8.392528734832355e-09
18,1996-07-31,41.1437,-0.0449,0.0132,1405.5882,True,1405.5882,0.4056,0.4056,1471.721,1471.721,66.13279603214414,0.04493568823992057,66.13279603214414,,0.04493568823992057
19,1996-08-30,41.9361,0.0193,0.0152,1432.659,True,1432.659,0.4327,0.4327,1471.721,1471.721,39.06203575090785,0.026541739739330928,39.06203575090785,,0.026541739739330928
20,1996-09-30,44.2784,0.0559,0.0604,1512.677,True,1512.677,0.5127,0.5127,1512.677,1512.677,8.243524689532933e-06,5.449626516125342e-09,8.243524689532933e-06,,5.449626516125342e-09
21,1996-10-31,45.7099,0.0323,0.0704,1561.583,True,1561.583,0.5616,0.5616,1561.583,1561.583,4.24360046054062e-05,2.7174991406416563e-08,4.24360046054062e-05,,2.7174991406416563e-08
22,1996-11-29,49.047,0.073,0.1385,1675.5855,True,1675.5855,0.6756,0.6756,1675.5855,1675.5855,4.047519860250759e-05,2.4155853940313755e-08,4.047519860250759e-05,,2.4155853940313755e-08
23,1996-12-31,47.9046,-0.0233,0.1643,1636.5583,True,1636.5583,0.6366,0.6366,1675.5855,1675.5855,39.02722723733018,0.02329169549231011,39.02722723733018,,0.02329169549231011
24,1997-01-31,50.8644,0.0618,0.2129,1737.6745,True,1737.6745,0.3182,0.3182,1737.6745,1737.6745,-1.4538118875861983e-05,-8.36642240872038e-09,-1.4538118875861983e-05,,-8.36642240872038e-09
25,1997-02-28,51.3509,0.0096,0.1597,1754.2964,True,1754.2964,0.3245,0.3245,1754.2964,1754.2964,3.7499074096558616e-05,2.137556350030623e-08,3.7499074096558616e-05,,2.137556350030623e-08
26,1997-03-31,49.0845,-0.0441,0.0738,1676.8691,True,1676.8691,0.2949,0.2949,1754.2964,1754.2964,77.42733521497166,0.04413583429514629,77.42733521497166,,0.04413583429514629
27,1997-04-30,52.1574,0.0626,0.0634,1781.846,True,1781.846,0.3349,0.3349,1781.846,1781.846,-7.080217528709909e-06,-3.9735294344796965e-09,-7.080217528709909e-06,,-3.9735294344796965e-09
28,1997-05-30,55.4541,0.0632,0.1576,1894.4715,True,1894.4715,0.3764,0.3764,1894.4715,1894.4715,-4.12816359585122e-05,-2.1790581678590677e-08,-4.12816359585122e-05,,-2.1790581678590677e-08
29,1997-06-30,57.7342,0.0411,0.1351,1972.3653,True,1972.3653,0.4044,0.4044,1972.3653,1972.3653,1.0499959671506076e-05,5.3235370098561745e-09,1.0499959671506076e-05,,5.3235370098561745e-09
30,1997-07-31,62.3104,0.0793,0.2134,2128.7028,True,2128.7028,0.459,0.459,2128.7028,2128.7028,-7.13957115294761e-06,-3.3539539446030746e-09,-7.13957115294761e-06,,-3.3539539446030746e-09
31,1997-08-29,59.0825,-0.0518,0.2037,2018.429,True,2018.429,0.4207,0.4207,2128.7028,2128.7028,110.2737776226536,0.0518032755078133,110.2737776226536,,0.0518032755078133
32,1997-09-30,61.9237,0.0481,0.1872,2115.4912,True,2115.4912,0.4545,0.4545,2128.7028,2128.7028,13.211639074178038,0.006206427254278069,13.211639074178038,,0.006206427254278069
33,1997-10-31,60.4063,-0.0245,0.0893,2063.6546,True,2063.6546,0.4365,0.4365,2128.7028,2128.7028,65.04817745550417,0.030557660494224075,65.04817745550417,,0.030557660494224075
34,1997-11-28,62.7439,0.0387,0.0868,2143.5109,True,2143.5109,0.4641,0.4641,2143.5109,2143.5109,-1.1401660685805837e-05,-5.319152184299989e-09,-1.1401660685805837e-05,,-5.319152184299989e-09
35,1997-12-31,63.9421,0.0191,0.0262,2184.4453,True,2184.4453,0.478,0.478,2184.4453,2184.4453,3.611775900935754e-05,1.65340642813796e-08,3.611775900935754e-05,,1.65340642813796e-08
36,1998-01-30,64.7655,0.0129,0.0962,2212.5772,True,2212.5772,0.3031,0.3031,2212.5772,2212.5772,-5.465720732900081e-06,-2.4702960569692577e-09,-5.465720732900081e-06,,-2.4702960569692577e-09
37,1998-02-27,69.2534,0.0693,0.1184,2365.8963,True,2365.8963,0.3325,0.3325,2365.8963,2365.8963,1.2912340480397688e-05,5.45769503101116e-09,1.2912340480397688e-05,,5.45769503101116e-09
38,1998-03-31,72.6304,0.0488,0.2024,2481.262,True,2481.262,0.3538,0.3538,2481.262,2481.262,1.2459103345463518e-05,5.021276812147817e-09,1.2459103345463518e-05,,5.021276812147817e-09
39,1998-04-30,73.5594,0.0128,0.1724,2512.9995,True,2512.9995,0.3596,0.3596,2512.9995,2512.9995,-3.521672624628991e-06,-1.4013821429845055e-09,-3.521672624628991e-06,,-1.4013821429845055e-09
40,1998-05-29,72.0316,-0.0208,0.1265,2460.807,True,2460.807,0.3501,0.3501,2512.9995,2512.9995,52.192545389107636,0.02076902338783101,52.192545389107636,,0.02076902338783101
41,1998-06-30,75.0995,0.0426,0.1596,2565.6143,True,2565.6143,0.369,0.369,2565.6143,2565.6143,2.6441277896083193e-05,1.030602218583019e-08,2.6441277896083193e-05,,1.030602218583019e-08
42,1998-07-31,74.0846,-0.0135,0.0698,2530.9426,True,2530.9426,0.3628,0.3628,2565.6143,2565.6143,34.67168962201913,0.013513991414071527,34.67168962201913,,0.013513991414071527
43,1998-08-31,63.6254,-0.1412,-0.124,2173.6258,True,2173.6258,0.2954,0.2954,2565.6143,2565.6143,391.988528248683,0.15278544723136403,391.988528248683,,0.15278544723136403
44,1998-09-30,67.6731,0.0636,-0.08,2311.9074,False,2173.6258,0.2954,0.3223,2565.6143,2565.6143,253.70691679877564,0.09888739581735868,391.988528248683,,0.15278544723136403
45,1998-10-30,73.1601,0.0811,0.0157,2499.3593,True,2349.8657,0.3295,0.3571,2565.6143,2565.6143,66.25496680828746,0.02582421169397421,215.74860080825874,,0.08409237538481865
46,1998-11-30,77.2338,0.0557,0.0284,2638.5282,True,2480.7105,0.3537,0.3818,2638.5282,2565.6143,-5.152122412255267e-06,-1.9526501222368084e-09,84.90380619549069,,0.03309297356016868
47,1998-12-31,82.2853,0.0654,0.1107,2811.103,True,2642.9631,0.3826,0.4113,2811.103,2642.9631,3.946604829252465e-05,1.4039346225493924e-08,2.6971397346642334e-05,,1.0204984453487956e-08
48,1999-01-29,85.1838,0.0352,0.3388,2910.1244,True,2736.0618,0.2861,0.3061,2910.1244,2736.0618,1.425559048584546e-05,4.898618933900372e-09,4.864330321652233e-05,,1.777858351610418e-08
49,1999-02-26,82.4521,-0.0321,0.2184,2816.8021,True,2648.3213,0.2757,0.2955,2910.1244,2736.0618,93.32229509701847,0.03206814632976462,87.74046427996473,,0.03206815879669265
50,1999-03-31,85.8747,0.0415,0.1738,2933.7284,True,2758.2539,0.2887,0.3087,2933.7284,2758.2539,6.3148431763693225e-06,2.152497544206656e-09,-3.792499592236709e-05,,-1.3749639191071963e-08
51,1999-04-30,89.1358,0.038,0.1541,3045.1358,True,2862.9978,0.3008,0.321,3045.1358,2862.9978,-1.0408948583062738e-06,-3.4182214740842554e-10,4.164690290053841e-05,,1.4546606672397165e-08
52,1999-05-31,87.0976,-0.0229,0.0585,2975.5055,True,2797.5322,0.2933,0.3134,3045.1358,2862.9978,69.63033699166544,0.022866085969520784,65.46559547620882,,0.02286610051750959
53,1999-06-30,91.9206,0.0554,0.0791,3140.2737,True,2952.4452,0.3108,0.3312,3140.2737,2952.4452,1.4162715160637163e-05,4.5100257218462075e-09,1.8378156255494105e-05,,6.2247239188365304e-09
54,1999-07-30,89.0691,-0.031,0.0803,3042.8564,True,2860.8547,0.3005,0.3207,3140.2737,2952.4452,97.4172635406926,0.03102190218027575,91.59047109252697,,0.031021903841780694
55,1999-08-31,88.6078,-0.0052,0.0318,3027.0978,True,2846.0386,0.2989,0.319,3140.2737,2952.4452,113.1759362336361,0.036040150332640145,106.40657373697877,,0.036040151985540246
56,1999-09-30,86.6257,-0.0224,-0.0282,2959.3825,True,2782.3736,0.2915,0.3116,3140.2737,2952.4452,180.8911634847973,0.05760362973609506,170.07156488784221,,0.05760363135202042
57,1999-10-29,92.1764,0.0641,0.0583,3149.0129,False,2782.3736,0.2915,0.3321,3149.0129,2952.4452,2.619493807287654e-05,8.318460071369203e-09,170.07156488784221,,0.05760363135202042
58,1999-11-30,93.7113,0.0167,0.0195,3201.4475,True,2828.7033,0.2969,0.3376,3201.4475,2952.4452,2.207790021202527e-05,6.896224352273548e-09,123.74191622987973,,0.041911672477402705
59,1999-12-31,99.0613,0.0571,0.1122,3384.2177,True,2990.1936,0.315,0.3563,3384.2177,2990.1936,-4.192743426756351e-05,-1.2389106725481493e-08,-2.5102529889409197e-05,,-8.394951380208022e-09
60,2000-01-31,94.1293,-0.0498,0.0623,3215.7269,True,2841.3202,0.2323,0.2632,3384.2177,2990.1936,168.49079884049297,0.04978722227015507,148.8734447426691,,0.04978722606545245
61,2000-02-29,92.696,-0.0152,0.0701,3166.7638,True,2798.0578,0.2285,0.2593,3384.2177,2990.1936,217.4539491487708,0.06425530755564891,192.13582059480996,,0.0642553112931584
62,2000-03-31,101.6778,0.0969,0.1031,3473.6071,True,3069.1754,0.2514,0.2828,3473.6071,3069.1754,-3.0531359243468614e-05,-8.789525805456989e-09,-1.656463564359001e-05,,-5.39709644603238e-09
63,2000-04-28,98.1068,-0.0351,0.0469,3351.6111,True,2961.3834,0.2425,0.2737,3473.6071,3069.1754,121.99596244635586,0.03512082942436289,107.79199574313452,,0.03512083269764723
64,2000-05-31,96.5643,-0.0157,-0.0252,3298.9162,True,2914.8237,0.2386,0.2696,3473.6071,3069.1754,174.69093488759563,0.05029093097132247,154.3516980686145,,0.05029093419314337
65,2000-06-30,98.4671,0.0197,0.0461,3363.9184,False,2914.8237,0.2386,0.2746,3473.6071,3069.1754,109.68874213858999,0.03157776310930214,154.3516980686145,,0.05029093419314337
66,2000-07-31,96.9209,-0.0157,0.0456,3311.0981,True,2869.0552,0.2347,0.2706,3473.6071,3069.1754,162.50895426796706,0.0467839193062356,200.12023043978434,,0.06520325636644433
67,2000-08-31,103.2538,0.0653,0.0155,3527.4472,True,3056.5209,0.2504,0.2867,3527.4472,3069.1754,-4.355391092758509e-05,-1.2347147514379548e-08,12.65448034245037,,0.004123088026331232
68,2000-09-29,97.5948,-0.0548,-0.0052,3334.1187,True,2889.0024,0.2364,0.2723,3527.4472,3069.1754,193.32850225246466,0.054806915962474126,180.1730011946047,,0.05870404187216041
69,2000-10-31,97.1382,-0.0047,0.0059,3318.521,False,2889.0024,0.2364,0.2711,3527.4472,3069.1754,208.92616531739304,0.05922871512219745,180.1730011946047,,0.05870404187216041
70,2000-11-30,89.8865,-0.0747,-0.0871,3070.7832,True,2673.3294,0.2173,0.2516,3527.4472,3069.1754,456.664010325243,0.12946019725688396,395.8459533990531,,0.12897469248549728
71,2000-12-29,89.4233,-0.0052,-0.0774,3054.9585,False,2673.3294,0.2173,0.2503,3527.4472,3069.1754,472.4887261895574,0.13394636387174197,395.8459533990531,,0.12897469248549728
72,2001-01-31,93.399,0.0445,-0.0954,3190.7798,False,2673.3294,0.1781,0.2133,3527.4472,3069.1754,336.6674206668931,0.09544222821163506,395.8459533990531,,0.12897469248549728
73,2001-02-28,84.4899,-0.0954,-0.1343,2886.419,True,2418.327,0.1586,0.1932,3527.4472,3069.1754,641.0281916035124,0.18172580771825936,650.8483877898993,,0.21205969127404686
74,2001-03-30,79.7594,-0.056,-0.1789,2724.8104,False,2418.327,0.1586,0.1818,3527.4472,3069.1754,802.6368329678967,0.22754042440887468,650.8483877898993,,0.21205969127404686
75,2001-04-30,86.574,0.0854,-0.0369,2957.6184,False,2418.327,0.1586,0.1981,3527.4472,3069.1754,569.8288430534426,0.16154142379606493,650.8483877898993,,0.21205969127404686
76,2001-05-31,86.0887,-0.0056,-0.0373,2941.0391,True,2404.7708,0.1575,0.197,3527.4472,3069.1754,586.4081077784044,0.16624149832162036,664.4045937935534,,0.21647657992878264
77,2001-06-29,84.0372,-0.0238,-0.1002,2870.9532,False,2404.7708,0.1575,0.1922,3527.4472,3069.1754,656.4939612469011,0.18611021626259952,664.4045937935534,,0.21647657992878264
78,2001-07-31,83.1804,-0.0102,-0.0155,2841.6817,False,2404.7708,0.1575,0.1901,3527.4472,3069.1754,685.7655077952031,0.19440844013064268,664.4045937935534,,0.21647657992878264
79,2001-08-31,78.2451,-0.0593,-0.019,2673.0777,False,2404.7708,0.1575,0.1781,3527.4472,3069.1754,854.3695222532888,0.24220618305875385,664.4045937935534,,0.21647657992878264
80,2001-09-28,71.8608,-0.0816,-0.1699,2454.9733,False,2404.7708,0.1575,0.1615,3527.4472,3069.1754,1072.4739432860256,0.30403685228400457,664.4045937935534,,0.21647657992878264
81,2001-10-31,72.7966,0.013,-0.1544,2486.9415,False,2404.7708,0.1575,0.164,3527.4472,3069.1754,1040.505674232047,0.2949741314999831,664.4045937935534,,0.21647657992878264
82,2001-11-30,78.4731,0.078,-0.0662,2680.8665,True,2592.2884,0.1721,0.1786,3527.4472,3069.1754,846.5806552712056,0.23999810834056015,476.8870267908237,,0.15537952858309229
83,2001-12-31,78.9138,0.0056,-0.0513,2695.9233,True,2606.8477,0.1731,0.1797,3527.4472,3069.1754,831.5238690000556,0.23572964295540855,462.32772988537226,,0.15063581243527896
84,2002-01-31,78.1406,-0.0098,-0.0013,2669.5065,True,2581.3037,0.1451,0.1506,3527.4472,3069.1754,857.9406856144328,0.2432185762027658,487.8717118121476,,0.15895856320630863
85,2002-02-28,76.739,-0.0179,0.0679,2621.6262,False,2581.3037,0.1451,0.1476,3527.4472,3069.1754,905.820990308433,0.25679221798371155,487.8717118121476,,0.15895856320630863
86,2002-03-29,79.29,0.0332,0.0892,2708.7763,True,2667.1133,0.1504,0.153,3527.4472,3069.1754,818.670934014443,0.23208594986607964,402.06208689085815,,0.13100003567435675
87,2002-04-30,74.6789,-0.0582,-0.0484,2551.2454,True,2512.0053,0.1406,0.1432,3527.4472,3069.1754,976.2018418787907,0.27674456527054203,557.1700545982994,,0.1815373779544497
88,2002-05-31,74.2358,-0.0059,-0.0593,2536.1072,False,2512.0053,0.1406,0.1422,3527.4472,3069.1754,991.3399562312889,0.28103608644554307,557.1700545982994,,0.1815373779544497
89,2002-06-28,68.7607,-0.0738,-0.12,2349.0623,False,2512.0053,0.1406,0.1298,3527.4472,3069.1754,1178.3848647325708,0.33406165930210685,557.1700545982994,,0.1815373779544497
90,2002-07-31,63.341,-0.0788,-0.1746,2163.91,False,2512.0053,0.1406,0.1166,3527.4472,3069.1754,1363.5371955231194,0.38655070316094864,557.1700545982994,,0.1815373779544497
91,2002-08-30,63.7718,0.0068,-0.1957,2178.6271,False,2512.0053,0.1406,0.1177,3527.4472,3069.1754,1348.8200682243282,0.3823785280823844,557.1700545982994,,0.1815373779544497
92,2002-09-30,57.0851,-0.1049,-0.2356,1950.1924,True,2248.615,0.1227,0.1001,3527.4472,3069.1754,1577.2548277246678,0.44713775665434985,820.5603927479538,,0.26735532701974407
93,2002-10-31,61.7823,0.0823,-0.1678,2110.6617,False,2248.615,0.1227,0.1126,3527.4472,3069.1754,1416.7854952354205,0.40164612392650995,820.5603927479538,,0.26735532701974407
94,2002-11-29,65.5931,0.0617,-0.0461,2240.8495,True,2387.3119,0.1324,0.1222,3527.4472,3069.1754,1286.5976736986577,0.36473903101899235,681.8634672254107,,0.2221650373013581
95,2002-12-31,61.8782,-0.0566,-0.0231,2113.936,True,2252.1033,0.123,0.1129,3527.4472,3069.1754,1413.5112039843575,0.4007178913930611,817.0720931172577,,0.2662187677893084
96,2003-01-31,60.3563,-0.0246,-0.0536,2061.944,False,2252.1033,0.1068,0.0947,3527.4472,3069.1754,1465.5031741177268,0.4154571538640541,817.0720931172577,,0.2662187677893084
97,2003-02-28,59.5427,-0.0135,0.0431,2034.1512,False,2252.1033,0.1068,0.0928,3527.4472,3069.1754,1493.295956801675,0.4233361612901463,817.0720931172577,,0.2662187677893084
98,2003-03-31,59.6654,0.0021,-0.0343,2038.3416,True,2256.7426,0.1071,0.0931,3527.4472,3069.1754,1489.1056434170016,0.4221482446050508,812.432802571851,,0.2647071922223314
99,2003-04-30,64.7138,0.0846,-0.0134,2210.8094,True,2447.6897,0.1184,0.1043,3527.4472,3069.1754,1316.6378414847186,0.37325515219185096,621.4856896857013,,0.2024927248164772
100,2003-05-30,68.2624,0.0548,0.1032,2332.0417,True,2581.9116,0.1259,0.1116,3527.4472,3069.1754,1195.4055141388253,0.33888686247063465,487.26375007835304,,0.15876047686240188
101,2003-06-30,68.9903,0.0107,0.1431,2356.9062,True,2609.4403,0.1274,0.1131,3527.4472,3069.1754,1170.5410002001831,0.33183799326611696,459.7350919943051,,0.1497910780838088
102,2003-07-31,70.234,0.018,0.1796,2399.3948,True,2656.4814,0.1299,0.1156,3527.4472,3069.1754,1128.0524233989267,0.3197928585292295,412.6940154574404,,0.1344641350433867
103,2003-08-29,71.6826,0.0206,0.2014,2448.8843,True,2711.2736,0.1328,0.1185,3527.4472,3069.1754,1078.5628717378945,0.3057630095038402,357.9018345295799,,0.11661172395998609
104,2003-09-30,70.9023,-0.0109,0.0956,2422.2252,True,2681.758,0.1312,0.1169,3527.4472,3069.1754,1105.2220187576117,0.31332064127213916,387.41741424005295,,0.12622850236583186
105,2003-10-31,74.6974,0.0535,0.0943,2551.8792,True,2825.304,0.1386,0.1242,3527.4472,3069.1754,975.567995325739,0.27656487539366686,243.87142379419674,,0.07945828830577645
106,2003-11-28,75.5132,0.0109,0.0945,2579.7486,True,2856.1595,0.1402,0.1258,3527.4472,3069.1754,947.698615548858,0.2686641533709868,213.01593919532388,,0.06940494153423876
107,2003-12-31,79.3132,0.0503,0.1293,2709.5687,True,2999.8894,0.1472,0.1327,3527.4472,3069.1754,817.8784858689105,0.231861297844206,69.28604480828608,,0.02257480781589937
108,2004-01-30,80.8813,0.0198,0.1283,2763.1368,True,3059.1971,0.1323,0.1196,3527.4472,3069.1754,764.3103508686122,0.21667520661077852,9.978274857007818,,0.003251125646650178
109,2004-02-27,81.9789,0.0136,0.1562,2800.6343,True,3100.7123,0.134,0.1212,3527.4472,3100.7123,726.8128706400394,0.20604500349148794,-2.6878808057517745e-05,,-8.668591425756509e-09
110,2004-03-31,80.8969,-0.0132,0.083,2763.6727,True,3059.7904,0.1323,0.1196,3527.4472,3100.7123,763.7745212509567,0.21652330366587957,40.92193300349163,,0.013197591083665397
111,2004-04-30,79.3663,-0.0189,0.051,2711.3804,True,3001.8952,0.1299,0.1172,3527.4472,3100.7123,816.0668012982301,0.23134770133433324,98.81714468585142,,0.0318691755716425
112,2004-05-31,80.7253,0.0171,0.0178,2757.8082,True,3053.2975,0.132,0.1193,3527.4472,3100.7123,769.6390054545864,0.21818583293169813,47.414775810691026,,0.015291575361793812
113,2004-06-30,82.2181,0.0185,0.0165,2808.8063,True,3109.7599,0.1344,0.1216,3527.4472,3109.7599,718.6409313512522,0.20372833117140696,3.9631506297155283e-05,,1.274423350084207e-08
114,2004-07-30,79.5691,-0.0322,-0.0294,2718.3103,True,3009.5676,0.1302,0.1175,3527.4472,3109.7599,809.1369031344611,0.22938313665884527,100.19233260579131,,0.0322186714819338
115,2004-08-31,79.7629,0.0024,-0.014,2724.9321,False,3009.5676,0.1302,0.1178,3527.4472,3109.7599,802.5151294214293,0.22750592253271126,100.19233260579131,,0.0322186714819338
116,2004-09-30,80.562,0.01,0.0151,2752.2285,True,3039.7153,0.1315,0.1191,3527.4472,3109.7599,775.2186668370487,0.2197676174535082,70.04459080131437,,0.022524115383092555
117,2004-10-29,81.6,0.0129,0.0108,2787.6902,True,3078.8812,0.1331,0.1207,3527.4472,3109.7599,739.7570056383975,0.2097145509756737,30.878746418733954,,0.00992962396188013
118,2004-11-30,85.232,0.0445,0.0367,2911.7704,True,3215.9223,0.1386,0.1261,3527.4472,3215.9223,615.6767501163254,0.17453889887177484,-3.593041947169695e-05,,-1.1172664050899784e-08
119,2004-12-31,87.802,0.0302,0.1035,2999.568,True,3312.8908,0.1424,0.1298,3527.4472,3312.8908,527.8792237445941,0.1496490787288309,-4.0473616081726504e-05,,-1.221700880745194e-08
120,2005-01-31,85.8334,-0.0224,0.0761,2932.3153,True,3238.6133,0.1247,0.1136,3527.4472,3312.8908,595.1318589241205,0.1687146044097047,74.27753577991689,,0.022420761885636825
121,2005-02-28,87.6276,0.0209,0.0877,2993.6119,True,3306.3126,0.127,0.1159,3527.4472,3312.8908,533.8353277715255,0.15133758140207612,6.578214339052465,,0.0019856417661132885
122,2005-03-31,86.0257,-0.0183,0.0542,2938.8867,True,3245.8711,0.1249,0.1138,3527.4472,3312.8908,588.5604654055496,0.1668516726219317,67.0197207981746,,0.02022998186302265
123,2005-04-29,84.414,-0.0187,-0.0096,2883.8262,True,3185.0592,0.1228,0.1117,3527.4472,3312.8908,643.6209672664186,0.182460836626107,127.8316222888916,,0.0385861261375991
124,2005-05-31,87.1342,0.0322,-0.0076,2976.7565,False,3185.0592,0.1228,0.1153,3527.4472,3312.8908,550.6906821751295,0.15611592490317913,127.8316222888916,,0.0385861261375991
125,2005-06-30,87.2647,0.0015,0.0167,2981.2126,True,3189.8271,0.123,0.1154,3527.4472,3312.8908,546.2345705462999,0.15485265677294896,123.06368807750368,,0.03714691956568676
126,2005-07-29,90.6035,0.0383,0.034,3095.2781,True,3311.8745,0.1272,0.1196,3527.4472,3312.8908,432.1690928820726,0.12251610538127193,1.0163206428578633,,0.00030677758616669867
127,2005-08-31,89.7542,-0.0094,0.0433,3066.2615,True,3280.8274,0.1262,0.1186,3527.4472,3312.8908,461.18566215218425,0.13074204545207205,32.063364533094955,,0.009678364446269993
128,2005-09-30,90.4716,0.008,0.0718,3090.7693,True,3307.0501,0.1271,0.1195,3527.4472,3312.8908,436.6779364131403,0.12379432253816308,5.840676744371649,,0.0017630151722391964
129,2005-10-31,88.3318,-0.0237,0.0137,3017.6699,True,3228.8355,0.1244,0.1168,3527.4472,3312.8908,509.77734186452653,0.14451735574228483,84.05531432860062,,0.025372195886625846
130,2005-11-30,92.2142,0.044,0.0567,3150.3038,True,3370.7507,0.1292,0.1216,3527.4472,3370.7507,377.14337555671045,0.10691680248444553,2.5417730284971185e-06,,7.540673442557228e-10
131,2005-12-30,92.0391,-0.0019,0.0158,3144.3211,True,3364.3493,0.129,0.1214,3527.4472,3370.7507,383.1261070276955,0.10861285380194934,6.401383933008219,,0.0018990974126351793
132,2006-01-31,94.2493,0.024,0.0501,3219.8292,True,3445.1412,0.119,0.1122,3527.4472,3445.1412,307.6180062469962,0.08720697683213974,-7.720382200204767e-07,,-2.240947976299133e-10
133,2006-02-28,94.789,0.0057,0.0477,3238.2642,True,3464.8662,0.1196,0.1127,3527.4472,3464.8662,289.1830067799233,0.08198081796374536,-1.4857706446491648e-05,,-4.288103952323368e-09
134,2006-03-31,96.3534,0.0165,0.0908,3291.7092,True,3522.0511,0.1213,0.1144,3527.4472,3522.0511,235.73802838271422,0.06682964053514798,2.036504702118691e-05,,5.782155466508396e-09
135,2006-04-28,97.5705,0.0126,0.0581,3333.2897,True,3566.5413,0.1225,0.1157,3527.4472,3566.5413,194.15750256875845,0.05504193020061603,3.96718119191064e-05,,1.1123328901057842e-08
136,2006-05-31,94.6316,-0.0301,0.0282,3232.8879,True,3459.1137,0.1194,0.1126,3527.4472,3566.5413,294.559295893077,0.0835049482507001,107.42758753183762,,0.030120943091795298
137,2006-06-30,94.8818,0.0026,0.0067,3241.4369,True,3468.261,0.1197,0.1128,3527.4472,3566.5413,286.010261274575,0.08108137274870478,98.28032237622892,,0.027556199160298223
138,2006-07-31,95.3067,0.0045,0.0055,3255.9531,True,3483.7929,0.1202,0.1133,3527.4472,3566.5413,271.4941092612503,0.07696617238133296,82.74838252215159,,0.023201296595710692
139,2006-08-31,97.3866,0.0218,0.0107,3327.006,True,3559.8178,0.1224,0.1155,3527.4472,3566.5413,200.4412150766011,0.05682330697298633,6.72346366479178,,0.0018851495326275291
140,2006-09-29,100.0154,0.027,0.0251,3416.8141,True,3655.9104,0.1251,0.1182,3527.4472,3655.9104,110.63305758746219,0.03136349073841904,-4.402121385282953e-05,,-1.2041108516453119e-08
141,2006-10-31,103.1675,0.0315,0.0902,3524.5006,True,3771.1324,0.1283,0.1213,3527.4472,3771.1324,2.946603229059292,0.0008353358851294194,-7.159812412282918e-06,,-1.8985842057104434e-09
142,2006-11-30,105.2191,0.0199,0.1089,3594.5866,True,3846.1228,0.1303,0.1233,3594.5866,3846.1228,-2.0954767478542635e-05,-5.8295347449808654e-09,2.0509892237896565e-06,,5.332615026721603e-10
143,2006-12-29,106.6257,0.0134,0.1188,3642.6399,True,3897.5386,0.1316,0.1247,3642.6399,3897.5386,3.942847797588911e-05,1.0824149259411865e-08,-2.9557546895375708e-05,,-7.583644430199025e-09
144,2007-01-31,108.2293,0.015,0.1113,3697.4262,True,3956.1587,0.1214,0.1151,3697.4262,3956.1587,-1.4024408301338553e-09,-3.793019128100124e-13,-1.8963395632454194e-05,,-4.793385976263842e-09
145,2007-02-28,106.1062,-0.0196,0.0609,3624.8922,True,3878.549,0.1196,0.1133,3697.4262,3956.1587,72.53403663131576,0.019617439999563956,77.60968733609161,,0.019617435300583772
146,2007-03-30,107.3372,0.0116,0.0404,3666.9486,True,3923.5484,0.1207,0.1144,3697.4262,3956.1587,30.47763042038241,0.008242931372202212,32.61032585604744,,0.008242926618704008
147,2007-04-30,112.0918,0.0443,0.0653,3829.3787,True,4097.3448,0.1247,0.1184,3829.3787,4097.3448,-1.6296713511110283e-05,-4.255706940426206e-09,4.670656380767468e-06,,1.139922708181032e-09
148,2007-05-31,115.894,0.0339,0.0869,3959.2717,True,4236.3272,0.1278,0.1215,3959.2717,4236.3272,7.348498002102133e-06,1.8560226624765695e-09,-1.2595144653460011e-05,,-2.97312838665059e-09
149,2007-06-29,114.1964,-0.0146,0.0551,3901.2791,True,4174.2765,0.1265,0.1201,3959.2717,4236.3272,57.9925717288761,0.014647282662838245,62.05066179245841,,0.014647277904421174
150,2007-07-31,110.6209,-0.0313,0.0425,3779.1293,True,4043.5791,0.1235,0.1172,3959.2717,4236.3272,180.1423712279243,0.04549886566964432,192.7480626784063,,0.04549886106021422
151,2007-08-31,112.0405,0.0128,0.0438,3827.6261,True,4095.4696,0.1247,0.1183,3959.2717,4236.3272,131.64557668506905,0.03324994763180033,140.8576377735303,,0.03324994296321831
152,2007-09-28,116.3764,0.0387,0.0382,3975.7521,True,4253.9609,0.1282,0.1219,3975.7521,4253.9609,7.980400368978735e-06,2.0072681012930194e-09,4.926704059471376e-05,,1.1581451205795935e-08
153,2007-10-31,117.9552,0.0136,0.0178,4029.6895,True,4311.6726,0.1295,0.1232,4029.6895,4311.6726,-3.4125029287679354e-05,-8.468401669081291e-09,-4.0048429582384415e-05,,-9.288374442527111e-09
154,2007-11-30,113.3865,-0.0387,-0.0071,3873.6093,True,4144.6705,0.1258,0.1195,4029.6895,4311.6726,156.08015306294556,0.03873255074936805,167.00207439564292,,0.038732549961154966
155,2007-12-31,112.1016,-0.0113,0.0134,3829.713,False,4144.6705,0.1258,0.1184,4029.6895,4311.6726,199.97647703964822,0.0496257781250015,167.00207439564292,,0.038732549961154966
156,2008-01-31,105.3238,-0.0605,-0.0599,3598.1645,True,3894.0794,0.1102,0.1035,4029.6895,4311.6726,431.52498575038,0.10708641093820752,417.59324755858006,,0.09685179889553304
157,2008-02-29,102.602,-0.0258,-0.1184,3505.1788,False,3894.0794,0.1102,0.1013,4029.6895,4311.6726,524.5106544735172,0.13016155574108557,417.59324755858006,,0.09685179889553304
158,2008-03-31,101.6753,-0.009,-0.138,3473.5219,False,3894.0794,0.1102,0.1005,4029.6895,4311.6726,556.1675526943868,0.13801747074914503,417.59324755858006,,0.09685179889553304
159,2008-04-30,106.5214,0.0477,-0.0605,3639.078,False,3894.0794,0.1102,0.1045,4029.6895,4311.6726,390.6115017575353,0.09693339939901953,417.59324755858006,,0.09685179889553304
160,2008-05-30,108.1316,0.0151,-0.0354,3694.0882,True,3952.9443,0.1115,0.1057,4029.6895,4311.6726,335.6012795600186,0.08328216840528746,358.7282904084386,,0.08319933438555577
161,2008-06-30,99.1027,-0.0835,-0.0591,3385.6353,True,3622.8772,0.1041,0.0984,4029.6895,4311.6726,644.0541507655771,0.15982723998104,688.7954001386893,,0.1597513225235815
162,2008-07-31,98.2122,-0.009,-0.0428,3355.2128,False,3622.8772,0.1041,0.0976,4029.6895,4311.6726,674.4767476259663,0.1673768531361948,688.7954001386893,,0.1597513225235815
163,2008-08-29,99.73,0.0155,-0.0191,3407.0632,False,3622.8772,0.1041,0.0989,4029.6895,4311.6726,622.6263439834056,0.15450975664090388,688.7954001386893,,0.1597513225235815
164,2008-09-30,90.3181,-0.0944,-0.1521,3085.5275,True,3280.9745,0.0957,0.0905,4029.6895,4311.6726,944.1619896981938,0.234301424389694,1030.6981200062974,,0.23904832662997125
165,2008-10-31,75.3988,-0.1652,-0.3027,2575.8396,False,3280.9745,0.0957,0.0755,4029.6895,4311.6726,1453.8498574002742,0.36078458585959894,1030.6981200062974,,0.23904832662997125
166,2008-11-28,70.1505,-0.0696,-0.2921,2396.5442,False,3280.9745,0.0957,0.0695,4029.6895,4311.6726,1633.1452646869934,0.40527818947017963,1030.6981200062974,,0.23904832662997125
167,2008-12-31,70.8405,0.0098,-0.2787,2420.115,False,3280.9745,0.0957,0.0704,4029.6895,4311.6726,1609.5745044679934,0.399428914924585,1030.6981200062974,,0.23904832662997125
168,2009-01-30,65.0235,-0.0821,-0.348,2221.3889,True,3011.5595,0.0819,0.0587,4029.6895,4311.6726,1808.3005997029973,0.4487444007045697,1300.1131057315997,,0.30153335523007935
169,2009-02-27,58.0368,-0.1074,-0.3574,1982.7029,False,3011.5595,0.0819,0.0501,4029.6895,4311.6726,2046.9866455548463,0.507976271014143,1300.1131057315997,,0.30153335523007935
170,2009-03-31,62.8819,0.0835,-0.166,2148.2274,False,3011.5595,0.0819,0.0561,4029.6895,4311.6726,1881.4621207150499,0.46690002311965967,1300.1131057315997,,0.30153335523007935
171,2009-04-30,69.129,0.0993,-0.0146,2361.6454,True,3310.7462,0.0893,0.0633,4029.6895,4311.6726,1668.0441241751323,0.41393862335426396,1000.926436794598,,0.23214342313342576
172,2009-05-29,73.1698,0.0585,0.0329,2499.6917,True,3504.2707,0.0937,0.0676,4029.6895,4311.6726,1529.997790289312,0.3796813105052665,807.4018818654231,,0.1872595525609767
173,2009-06-30,73.1205,-0.0007,0.1245,2498.0082,True,3501.9106,0.0937,0.0676,4029.6895,4311.6726,1531.6813265203027,0.38009909362006744,809.7619995928453,,0.1878069312574534
174,2009-07-31,78.5758,0.0746,0.3539,2684.374,True,3763.1734,0.0993,0.0731,4029.6895,4311.6726,1345.3154850066362,0.3338509046433072,548.4992371730596,,0.12721263603666466
175,2009-08-31,81.4783,0.0369,0.2957,2783.5337,True,3902.1835,0.1021,0.0759,4029.6895,4311.6726,1246.1557772669084,0.3092436221865006,409.48911088379464,,0.09497221817904139
176,2009-09-30,84.3673,0.0355,0.2204,2882.2301,True,4040.5441,0.1049,0.0785,4029.6895,4311.6726,1147.4593877000925,0.28475131587684177,271.12850161305187,,0.06288244186561194
177,2009-10-30,82.7453,-0.0192,0.1309,2826.8184,True,3962.8634,0.1034,0.077,4029.6895,4311.6726,1202.8711419185952,0.29850219028503194,348.80919599389745,,0.08089881314130797
178,2009-11-30,87.843,0.0616,0.2013,3000.9696,True,4207.0027,0.1081,0.0817,4029.6895,4311.6726,1028.719914374728,0.25528515643071953,104.66987079695264,,0.024275931989120102
179,2009-12-31,89.5183,0.0191,0.1393,3058.2041,True,4287.2387,0.1096,0.0831,4029.6895,4311.6726,971.4853912545186,0.24108194719581214,24.433871030500995,,0.005666912425238641
180,2010-01-29,86.265,-0.0363,0.0587,2947.0616,True,4131.4301,0.0992,0.0747,4029.6895,4311.6726,1082.6279490453758,0.268662870686532,180.24252907103892,,0.041803389494610266
181,2010-02-26,88.956,0.0312,0.0544,3038.9943,True,4260.3088,0.1014,0.0769,4029.6895,4311.6726,990.6952160580036,0.24584902039177053,51.363762543857774,,0.01191272327677611
182,2010-03-31,94.3739,0.0609,0.1405,3224.085,True,4519.784,0.1058,0.0812,4029.6895,4519.784,805.604532455031,0.19991727215087687,1.997738490899792e-05,,4.419986642945309e-09
183,2010-04-30,95.8339,0.0155,0.091,3273.9618,True,4589.7054,0.1069,0.0823,4029.6895,4589.7054,755.7276624443816,0.18753992396793392,-2.449976273055654e-05,,-5.3379815468235804e-09
184,2010-05-31,88.2195,-0.0795,-0.0145,3013.8305,True,4225.0323,0.1008,0.0763,4029.6895,4589.7054,1015.8589623893881,0.2520936073087984,364.67314448597335,,0.07945458645035766
185,2010-06-30,83.6547,-0.0517,-0.0303,2857.8844,False,4225.0323,0.1008,0.0725,4029.6895,4589.7054,1171.8050683205506,0.29079289317962354,364.67314448597335,,0.07945458645035766
186,2010-07-30,89.3683,0.0683,0.0046,3053.08,False,4225.0323,0.1008,0.0772,4029.6895,4589.7054,976.6095127745848,0.2423535393420721,364.67314448597335,,0.07945458645035766
187,2010-08-31,85.3485,-0.045,-0.0956,2915.7509,True,4034.9882,0.0975,0.0739,4029.6895,4589.7054,1113.938584475869,0.2764328577861567,554.717218006961,,0.12086118163639895
188,2010-09-30,92.9918,0.0896,-0.0297,3176.8674,False,4034.9882,0.0975,0.0801,4029.6895,4589.7054,852.8220705049371,0.21163468562650722,554.717218006961,,0.12086118163639895
189,2010-10-29,96.5443,0.0382,0.0944,3298.2303,True,4189.133,0.1002,0.0828,4029.6895,4589.7054,731.4592211892568,0.1815175142375751,400.57239654690875,,0.08727627628276725
190,2010-11-30,96.5443,0.0,0.1541,3298.2303,True,4189.133,0.1002,0.0828,4029.6895,4589.7054,731.4592211892568,0.1815175142375751,400.57239654690875,,0.08727627628276725
191,2010-12-31,102.9977,0.0668,0.1525,3518.698,True,4469.1524,0.105,0.0875,4029.6895,4589.7054,510.991506471938,0.1268066699610325,120.55296132081003,,0.026265947553150152
192,2011-01-31,105.3976,0.0233,0.2349,3600.6844,True,4573.2846,0.0997,0.0834,4029.6895,4589.7054,429.005143679512,0.10646109177382328,16.420820998979252,,0.0035777505455969467
193,2011-02-28,109.0588,0.0347,0.1728,3725.7625,True,4732.1483,0.102,0.0857,4029.6895,4732.1483,303.9269724579881,0.0754219332427444,1.2045166840835009e-05,,2.5453908198175045e-09
194,2011-03-31,109.0705,0.0001,0.1297,3726.1609,True,4732.6543,0.102,0.0857,4029.6895,4732.6543,303.5285577315126,0.07532306341009962,-2.0626494006137364e-05,,-4.358335238248305e-09
195,2011-04-29,112.2293,0.029,0.1625,3834.076,True,4869.7189,0.104,0.0876,4029.6895,4869.7189,195.61349612508593,0.048543069168253766,-9.186805982608348e-08,,-1.886516690441485e-11
196,2011-05-31,110.9707,-0.0112,0.0774,3791.0786,True,4815.1072,0.1032,0.0869,4029.6895,4869.7189,238.61090348637845,0.05921322312460512,54.6116682920192,,0.011214542238160647
197,2011-06-30,109.0967,-0.0169,0.0351,3727.0581,True,4733.7938,0.102,0.0857,4029.6895,4869.7189,302.631386507911,0.07510042312389353,135.92506840403712,,0.027912302782823282
198,2011-07-29,106.9143,-0.02,-0.0197,3652.5,True,4639.0964,0.1007,0.0843,4029.6895,4869.7189,377.1894938019518,0.09360261970604729,230.6224671718037,,0.047358476312011295
199,2011-08-31,101.0366,-0.055,-0.0737,3451.7015,False,4639.0964,0.1007,0.0805,4029.6895,4869.7189,577.9880327620222,0.14343239913696135,230.6224671718037,,0.047358476312011295
200,2011-09-30,94.0197,-0.0694,-0.1623,3211.9833,False,4639.0964,0.1007,0.0757,4029.6895,4869.7189,817.706210798704,0.20292040138544273,230.6224671718037,,0.047358476312011295
201,2011-10-31,104.2817,0.1091,-0.0603,3562.5621,False,4639.0964,0.1007,0.0826,4029.6895,4869.7189,467.1273895712334,0.11592143503146667,230.6224671718037,,0.047358476312011295
202,2011-11-30,103.8579,-0.0041,-0.048,3548.0848,True,4620.2443,0.1004,0.0824,4029.6895,4869.7189,481.6047336080519,0.11951410489767311,249.47457220077376,,0.051229768560311306
203,2011-12-30,104.9422,0.0104,-0.0184,3585.1268,False,4620.2443,0.1004,0.0831,4029.6895,4869.7189,444.5627382191401,0.11032183452822857,249.47457220077376,,0.051229768560311306
204,2012-01-31,109.8088,0.0464,0.0868,3751.3852,True,4834.5059,0.0971,0.0809,4029.6895,4869.7189,278.3042700615738,0.06906345267087546,35.213042415418386,,0.007231021571988147
205,2012-02-29,114.5751,0.0434,0.2186,3914.2157,True,5044.3496,0.0999,0.0836,4029.6895,5044.3496,115.47381156008578,0.028655759100071055,-2.3864897229941562e-05,,-4.7310157150768386e-09
206,2012-03-30,118.2595,0.0322,0.134,4040.0842,True,5206.5596,0.1019,0.0856,4040.0842,5206.5596,-4.7956095386325615e-05,-1.1870073249049021e-08,-4.7887596338114236e-05,,-9.19755078538124e-09
207,2012-04-30,117.47,-0.0067,0.1311,4013.114,True,5171.8024,0.1015,0.0852,4040.0842,5206.5596,26.970189904595372,0.00667565044921474,34.75718575436076,,0.00667565310389624
208,2012-05-31,110.4153,-0.0601,0.0522,3772.1034,True,4861.2059,0.0975,0.0812,4040.0842,5206.5596,267.9808261020062,0.0663305052162047,345.3537416979616,,0.06633050771145722
209,2012-06-29,114.8903,0.0405,0.0463,3924.9821,True,5058.2245,0.1,0.0838,4040.0842,5206.5596,115.10213934997955,0.028490034774517708,148.33507757781626,,0.02849003737089964
210,2012-07-31,116.2494,0.0118,0.0146,3971.4128,True,5118.061,0.1008,0.0845,4040.0842,5206.5596,68.67141842585488,0.016997521592707125,88.49862290284818,,0.01699752421980307
211,2012-08-31,119.1617,0.0251,0.0076,4070.9072,True,5246.282,0.1024,0.0861,4070.9072,5246.282,1.6448028418381e-05,4.04038402505982e-09,4.860249009652762e-05,,9.264177963847085e-09
212,2012-09-28,122.1832,0.0254,0.0401,4174.1304,True,5379.3083,0.104,0.0877,4174.1304,5379.3083,1.1355392416589893e-05,2.720421100545851e-09,-2.9407531656033825e-05,,-5.466786809009223e-09
213,2012-10-31,119.9597,-0.0182,0.0864,4098.1686,True,5281.4144,0.1028,0.0865,4174.1304,5379.3083,75.96182019167372,0.01819823841432307,97.89389170750837,,0.01819823037610772
214,2012-11-30,120.6386,0.0057,0.05,4121.363,True,5311.3057,0.1032,0.0869,4174.1304,5379.3083,52.76737474548008,0.01264152522534516,68.00261808459436,,0.012641517141635916
215,2012-12-31,121.7242,0.009,0.0471,4158.4484,True,5359.0985,0.1038,0.0874,4174.1304,5379.3083,15.68204688917649,0.003756961423432409,20.209809891795885,,0.0037569532669833937
216,2013-01-31,127.9553,0.0512,0.0738,4371.3203,True,5633.4319,0.1008,0.0854,4371.3203,5633.4319,3.835564621113008e-05,8.774384757650927e-09,-4.978796459909063e-05,,-8.837945586790644e-09
217,2013-02-28,129.5878,0.0128,0.0606,4427.0933,True,5705.3081,0.1016,0.0862,4427.0933,5705.3081,1.4310826372820884e-05,3.2325558561914388e-09,3.1148594644037075e-05,,5.4595815156831016e-09
218,2013-03-29,134.509,0.038,0.1213,4595.2142,True,5921.9698,0.1039,0.0884,4595.2142,5921.9698,1.0324577488063369e-05,2.246810929523888e-09,3.2793163882161025e-05,,5.537543248221398e-09
219,2013-04-30,137.0932,0.0192,0.1364,4683.4991,True,6035.7448,0.105,0.0896,4683.4991,6035.7448,1.3977921298646834e-05,2.9845038933917664e-09,3.4395796319586225e-05,,5.69868300587961e-09
220,2013-05-31,140.3299,0.0236,0.1529,4794.0752,True,6178.247,0.1065,0.091,4794.0752,6178.247,1.45658932524384e-05,3.0383113832754226e-09,-6.123255843704101e-06,,-9.910992298793008e-10
221,2013-06-28,138.4551,-0.0134,0.0821,4730.0244,True,6095.7031,0.1056,0.0902,4794.0752,6178.247,64.05081044444341,0.013360410042054287,82.5438886990014,,0.013360406066478306
222,2013-07-31,145.61,0.0517,0.1236,4974.4571,True,6410.7098,0.1087,0.0932,4974.4571,6410.7098,-4.226434884913033e-05,-8.496273663538143e-09,-3.610371277318336e-05,,-5.631780863514265e-09
223,2013-08-30,141.2428,-0.03,0.0501,4825.2618,True,6218.4379,0.1069,0.0914,4974.4571,6410.7098,149.1953411743889,0.02999228622845876,192.27186106185673,,0.02999228900703893
224,2013-09-30,145.7176,0.0317,0.0629,4978.1324,True,6415.4463,0.1088,0.0933,4978.1324,6415.4463,-3.2756028303992935e-05,-6.579983349577631e-09,2.326935555174714e-05,,3.627082897061603e-09
225,2013-10-31,152.4653,0.0463,0.0865,5208.6537,True,6712.5249,0.1116,0.096,5208.6537,6712.5249,4.632255786418682e-05,8.893384074312105e-09,4.441585497261258e-05,,6.616862601524588e-09
226,2013-11-29,156.984,0.0296,0.1338,5363.0258,True,6911.4682,0.1134,0.0978,5363.0258,6911.4682,-3.375294363650028e-05,-6.29363812430294e-09,-2.2654811800748575e-05,,-3.2778580679498134e-09
227,2013-12-31,161.0492,0.0259,0.106,5501.906,True,7090.4466,0.115,0.0994,5501.906,7090.4466,4.925534722133307e-05,8.952415257791221e-09,2.72306451734039e-05,,3.8404696783703155e-09
228,2014-01-31,155.3725,-0.0352,0.1,5307.9734,True,6840.5207,0.1065,0.0918,5501.906,7090.4466,193.9326267603101,0.03524826246764486,249.9258878012506,,0.03524825753588647
229,2014-02-28,162.4444,0.0455,0.1148,5549.5699,True,7151.8723,0.1091,0.0944,5549.5699,7151.8723,2.8515241865534335e-05,5.138279610737822e-09,1.6489317204104736e-05,,2.3055944670746898e-09
230,2014-03-31,163.7945,0.0083,0.0743,5595.6906,True,7211.3092,0.1096,0.0949,5595.6906,7211.3092,1.1031023859686684e-05,1.971342707848551e-09,-2.8843304789916147e-05,,-3.999732086084472e-09
231,2014-04-30,164.9331,0.007,0.0506,5634.589,True,7261.4386,0.11,0.0953,5634.589,7261.4386,-3.164886129525257e-05,-5.616889057081639e-09,-4.436854214873165e-05,,-6.1101586879398315e-09
232,2014-05-30,168.7606,0.0232,0.0479,5765.3476,True,7429.9506,0.1113,0.0966,5765.3476,7429.9506,-4.2813005165953655e-05,-7.42591915289785e-09,-2.7133419280289672e-06,,-3.6518976694528323e-10
233,2014-06-30,172.2427,0.0206,0.1086,5884.3062,True,7583.2555,0.1125,0.0978,5884.3062,7583.2555,-1.0653770004864782e-05,-1.8105397038761821e-09,-4.416439332999289e-05,,-5.823935818856808e-09
234,2014-07-31,169.9282,-0.0134,0.0461,5805.2355,True,7481.3551,0.1117,0.097,5884.3062,7583.2555,79.07072986307867,0.0134375620804843,101.9004365277824,,0.013437558121018394
235,2014-08-29,176.6341,0.0395,0.0784,6034.3302,True,7776.5952,0.114,0.0992,6034.3302,7776.5952,3.6805320632993244e-05,6.099321617002868e-09,-3.947180539398687e-05,,-5.075718148989788e-09
236,2014-09-30,174.1981,-0.0138,0.0562,5951.1095,True,7669.3467,0.1132,0.0984,6034.3302,7776.5952,83.22066302376425,0.013791201386984796,107.24850480300483,,0.01379119036606211
237,2014-10-31,178.3006,0.0236,0.0565,6091.2636,True,7849.9668,0.1145,0.0998,6091.2636,7849.9668,2.6624848942446988e-05,4.370989451588828e-09,2.224598119937582e-05,,2.833894940724567e-09
238,2014-11-28,183.1989,0.0275,0.0636,6258.6027,True,8065.6209,0.1161,0.1013,6258.6027,8065.6209,4.006099698017351e-05,6.400949045730848e-09,-2.805014173645759e-05,,-3.4777411539956695e-09
239,2014-12-31,182.7299,-0.0026,0.0753,6242.5796,True,8044.9716,0.116,0.1012,6258.6027,8065.6209,16.02307594872582,0.002560168254285548,20.649267105500257,,0.002560158400886441
240,2015-01-30,177.3157,-0.0296,0.0039,6057.6166,True,7806.605,0.1082,0.0942,6258.6027,8065.6209,200.98614839255788,0.03211358158148589,259.0158976584553,,0.032113572020035716
241,2015-02-27,187.2817,0.0562,0.0751,6398.0822,True,8245.3718,0.1112,0.0972,6398.0822,8245.3718,-3.996580926468596e-05,-6.246529509215427e-09,-2.1472542357514612e-05,,-2.604193343654268e-09
242,2015-03-31,184.333,-0.0157,0.0338,6297.3458,True,8115.5502,0.1104,0.0964,6398.0822,8245.3718,100.73639789986646,0.015744780193644038,129.82159616543322,,0.01574478377863242
243,2015-04-30,186.1457,0.0098,0.0161,6359.2729,True,8195.3572,0.1109,0.0969,6398.0822,8245.3718,38.809294385177964,0.006065769893543719,50.01455787576015,,0.00606577351378626
244,2015-05-29,188.5388,0.0129,0.0318,6441.0289,True,8300.7183,0.1116,0.0976,6441.0289,8300.7183,1.536180207040161e-05,2.384991949097078e-09,4.180981886747759e-05,,5.0368916708663135e-09
245,2015-06-30,184.7491,-0.0201,0.0419,6311.5625,True,8133.8716,0.1105,0.0965,6441.0289,8300.7183,129.46641469666702,0.02010026918163137,166.84669380110518,,0.02010027178022716
246,2015-07-31,188.8409,0.0221,0.0083,6451.3494,True,8314.0186,0.1117,0.0977,6451.3494,8314.0186,1.4249344530981034e-05,2.2087386138132643e-09,4.8711899580666795e-05,,5.859007770402005e-09
247,2015-08-31,177.2565,-0.0613,-0.0384,6055.5931,True,7803.9973,0.1082,0.0942,6451.3494,8314.0186,395.7563486294357,0.0613447395407596,510.02133404072083,,0.061344742967103884
248,2015-09-30,172.8269,-0.025,-0.0716,5904.2641,False,7803.9973,0.1082,0.0928,6451.3494,8314.0186,547.0852581454174,0.08480167856749742,510.02133404072083,,0.061344742967103884
249,2015-10-30,187.5666,0.0853,-0.0052,6407.8169,False,7803.9973,0.1082,0.0973,6451.3494,8314.0186,43.53248358837118,0.006747810557024113,510.02133404072083,,0.061344742967103884
250,2015-11-30,188.2522,0.0037,0.019,6431.238,True,7832.5215,0.1084,0.0975,6451.3494,8314.0186,20.11142430505879,0.00311739809117435,481.497129152046,,0.057913886451017325
251,2015-12-31,185.0182,-0.0172,-0.0202,6320.7544,True,7697.9649,0.1074,0.0966,6451.3494,8314.0186,130.595032378209,0.020243056805791512,616.0536850873268,,0.07409818461163015
252,2016-01-29,175.8068,-0.0498,-0.0082,6006.0653,False,7697.9649,0.1021,0.0891,6451.3494,8314.0186,445.28405239091444,0.06902184717989611,616.0536850873268,,0.07409818461163015
253,2016-02-29,175.6616,-0.0008,0.0164,6001.1046,False,7697.9649,0.1021,0.0891,6451.3494,8314.0186,450.2447609858218,0.06979078841797373,616.0536850873268,,0.07409818461163015
254,2016-03-31,187.4735,0.0672,-0.0005,6404.6341,True,8215.5956,0.1055,0.0925,6451.3494,8314.0186,46.71528518012292,0.007241164953819261,98.42302644317715,,0.011838201377511612
255,2016-04-29,188.2124,0.0039,-0.0002,6429.8761,True,8247.975,0.1057,0.0927,6451.3494,8314.0186,21.473261423787335,0.0033284914662639934,66.04361882638477,,0.007943645787175022
256,2016-05-31,191.4141,0.017,0.0346,6539.2583,True,8388.2859,0.1066,0.0935,6539.2583,8388.2859,-2.463065266056219e-05,-3.7665820083238174e-09,4.5876526201027445e-05,,5.469118094917037e-09
257,2016-06-30,192.0836,0.0035,0.0926,6562.1289,True,8417.6232,0.1068,0.0937,6562.1289,8417.6232,3.0019980840734206e-05,4.5747319655263416e-09,-2.8869410016341135e-05,,-3.429639142833233e-09
258,2016-07-29,199.0891,0.0365,0.1334,6801.458,True,8724.6245,0.1087,0.0956,6801.458,8724.6245,3.434349491726607e-05,5.049431300945484e-09,-3.820468919002451e-05,,-4.378949396621541e-09
259,2016-08-31,199.3275,0.0012,0.0632,6809.603,True,8735.0726,0.1087,0.0957,6809.603,8735.0726,1.2575781511259265e-05,1.846771612274499e-09,-2.994290662172716e-05,,-3.427894419758705e-09
260,2016-09-30,199.3431,0.0001,0.0591,6810.1332,True,8735.7527,0.1087,0.0957,6810.1332,8735.7527,2.291488544869935e-05,3.364821916948607e-09,-3.4965789382113144e-05,,-4.002607512242551e-09
261,2016-10-31,195.887,-0.0173,0.0234,6692.0657,True,8584.3007,0.1078,0.0947,6810.1332,8735.7527,118.06751741488824,0.017337034966494965,151.4519867743238,,0.01733702772679495
262,2016-11-30,203.1032,0.0368,0.0574,6938.5907,True,8900.5326,0.1097,0.0966,6938.5907,8900.5326,2.5931992240657564e-05,3.737357247583081e-09,-1.5390311091323383e-05,,-1.7291449605300454e-09
263,2016-12-30,207.2228,0.0203,0.0409,7079.3273,True,9081.0637,0.1108,0.0977,7079.3273,9081.0637,-4.8642132242093794e-05,-6.871010504358768e-09,-8.960954801295884e-06,,-9.867736971491438e-10
264,2017-01-31,210.931,0.0179,0.0582,7206.0097,True,9243.5665,0.1064,0.0939,7206.0097,9243.5665,-1.5756580978631973e-05,-2.186588921554182e-09,-2.7366286303731613e-05,,-2.9605765592460022e-09
265,2017-02-28,219.2188,0.0393,0.0997,7489.1449,True,9606.7604,0.1083,0.0958,7489.1449,9606.7604,3.040193041670136e-05,4.059466177066671e-09,-7.752987585263327e-06,,-8.070345530074142e-10
266,2017-03-31,219.4946,0.0013,0.1205,7498.5669,True,9618.8465,0.1084,0.0959,7498.5669,9618.8465,4.716599232779117e-05,6.29000087040514e-09,-3.201544677722268e-05,,-3.3284081180859553e-09
267,2017-04-28,221.6733,0.0099,0.0914,7572.999,True,9714.3249,0.1089,0.0964,7572.999,9714.3249,4.5833496187697165e-05,6.052225305681034e-09,-4.593017365550622e-06,,-4.728087039327481e-10
268,2017-05-31,224.8018,0.0141,0.0848,7679.876,True,9851.4222,0.1096,0.0971,7679.876,9851.4222,4.5362715354713146e-05,5.906698930388087e-09,-3.072301660722587e-05,,-3.1186376934719e-09
269,2017-06-30,226.2347,0.0064,0.0726,7728.8299,True,9914.2182,0.1099,0.0974,7728.8299,9914.2182,4.237905886839144e-05,5.4832438307888545e-09,-4.0838604036252946e-05,,-4.1191956049800225e-09
270,2017-07-31,230.8848,0.0206,0.0532,7887.6895,True,10117.9967,0.1109,0.0984,7887.6895,10117.9967,3.3007818274199963e-06,4.18472586607269e-10,-1.1900418030563742e-05,,-1.1761634623347666e-09
271,2017-08-31,231.5584,0.0029,0.055,7910.7034,True,10147.518,0.1111,0.0986,7910.7034,10147.518,1.8154309145756997e-05,2.2949045398108337e-09,4.308385177864693e-05,,4.245752683429281e-09
272,2017-09-29,236.2222,0.0201,0.0656,8070.0324,True,10351.8985,0.1121,0.0996,8070.0324,10351.8985,2.7823847631225362e-05,3.4477987512448353e-09,7.953933163662441e-06,,7.683550185178537e-10
273,2017-10-31,241.7886,0.0236,0.0756,8260.1951,True,10595.8313,0.1133,0.1007,8260.1951,10595.8313,-3.79400316887768e-05,-4.593115686671468e-09,1.074302417691797e-06,,1.0138915836568642e-10
274,2017-11-30,249.1791,0.0306,0.1014,8512.6748,True,10919.7015,0.1148,0.1022,8512.6748,10919.7015,4.3999063564115204e-05,5.168653166935873e-09,-4.590120806824416e-05,,-4.203522236230007e-09
275,2017-12-29,252.1908,0.0121,0.0923,8615.5653,True,11051.6852,0.1154,0.1028,8615.5653,11051.6852,3.503964398987591e-05,4.067016239767333e-09,3.180067506036721e-05,,2.877450315031341e-09
276,2018-01-31,266.4041,0.0564,0.1505,9101.1311,True,11674.5486,0.1128,0.1008,9101.1311,11674.5486,-1.0663537977961823e-05,-1.1716717252827863e-09,-3.5668714190251194e-05,,-3.0552542468538093e-09
277,2018-02-28,256.7175,-0.0364,0.0868,8770.2102,True,11250.0572,0.111,0.099,9101.1311,11674.5486,330.92086157300764,0.036360410364048884,424.4913567206222,,0.03636040854895428
278,2018-03-30,249.6795,-0.0274,0.0326,8529.7706,True,10941.6314,0.1096,0.0977,9101.1311,11674.5486,571.3605157821057,0.06277906663514667,732.9172438851929,,0.06277906486981372
279,2018-04-30,250.9699,0.0052,0.0072,8573.8538,True,10998.1794,0.1099,0.0979,9101.1311,11674.5486,527.2773389080903,0.05793536354048238,676.3691965960516,,0.05793536176602593
280,2018-05-31,257.0707,0.0243,0.0193,8782.2764,True,11265.5352,0.111,0.0991,9101.1311,11674.5486,318.85467177298233,0.03503462023231182,409.01335536510123,,0.0350346184147198
281,2018-06-29,258.5502,0.0058,-0.0295,8832.8199,True,11330.3703,0.1113,0.0993,9101.1311,11674.5486,268.3111588987558,0.029481078335280304,344.1782604639484,,0.02948107650722773
282,2018-07-31,268.1286,0.037,0.0444,9160.0458,True,11750.122,0.1131,0.1011,9160.0458,11750.122,-3.4672226320253685e-05,-3.785158620086123e-09,3.147482857457362e-05,,2.678681002169477e-09
283,2018-08-31,276.6872,0.0319,0.1082,9452.4328,True,12125.1836,0.1146,0.1026,9452.4328,12125.1836,4.749058098241221e-05,5.024164888261592e-09,-2.308414150320459e-05,,-1.9038178937929313e-09
284,2018-09-28,278.333,0.0059,0.109,9508.6585,True,12197.3077,0.1149,0.1029,9508.6585,12197.3077,-4.1878305637510493e-05,-4.404228592025941e-09,-3.5511093301465735e-06,,-2.9113878386019346e-10
285,2018-10-31,259.099,-0.0691,0.0079,8851.5694,True,11354.4214,0.1114,0.0994,9508.6585,12197.3077,657.089082041457,0.06910428869029811,842.8863192469507,,0.06910429251915574
286,2018-11-30,263.9051,0.0185,0.0207,9015.7599,True,11565.0381,0.1123,0.1003,9508.6585,12197.3077,492.89856924531705,0.05183681475628945,632.2696273384026,,0.05183681865616973
287,2018-12-31,240.6983,-0.0879,-0.1023,8222.9481,True,10548.0524,0.1079,0.0959,9508.6585,12197.3077,1285.7103538932697,0.1352146944696005,1649.2552773922926,,0.13521469802654013
288,2019-01-31,259.97,0.0801,-0.0604,8881.3236,False,10548.0524,0.1031,0.0953,9508.6585,12197.3077,627.3349041352176,0.06597512195176823,1649.2552773922926,,0.13521469802654013
289,2019-02-28,268.3971,0.0324,-0.0357,9169.2189,True,10889.9761,0.1046,0.0967,9508.6585,12197.3077,339.43959252416244,0.03569794756265171,1307.3315983012253,,0.10718198068424767
290,2019-03-29,273.2495,0.0181,0.0546,9334.9883,True,11086.8549,0.1054,0.0975,9508.6585,12197.3077,173.6701761425411,0.018264424591811886,1110.4527800502437,,0.09104081059218042
291,2019-04-30,284.4124,0.0409,0.0777,9716.3455,True,11539.7801,0.1073,0.0994,9716.3455,12197.3077,3.490337803668808e-05,3.5922331124071375e-09,657.5275967589314,,0.053907600999434604
292,2019-05-31,266.2751,-0.0638,0.1063,9096.7227,True,10803.8748,0.1042,0.0964,9716.3455,12197.3077,619.6227730538776,0.06377117539242276,1393.4328989026708,,0.11424102213168491
293,2019-06-28,284.8058,0.0696,0.0955,9729.7865,True,11555.7436,0.1073,0.0994,9729.7865,12197.3077,-6.996679076110013e-06,-7.190989315243466e-10,641.5641186752946,,0.052598830369368695
294,2019-07-31,289.1119,0.0151,0.0772,9876.8956,True,11730.4601,0.108,0.1001,9876.8956,12197.3077,3.4211145248264074e-05,3.4637548713448056e-09,466.8475860288727,,0.03827464203669083
295,2019-08-30,284.2712,-0.0167,0.0403,9711.5224,True,11534.0519,0.1073,0.0994,9876.8956,12197.3077,165.3731973653994,0.01674343883572075,663.2557875108814,,0.05437722846910564
296,2019-09-30,289.8085,0.0195,0.019,9900.6925,True,11758.723,0.1081,0.1002,9900.6925,12197.3077,-1.909493948915042e-05,-1.928646858707148e-09,438.5847366617145,,0.03595750369253327
297,2019-10-31,296.2146,0.0221,0.1124,10119.544,True,12018.6455,0.1092,0.1012,10119.544,12197.3077,3.727870716829784e-05,3.6838327071158387e-09,178.66216147157138,,0.014647671917924264
298,2019-11-29,306.937,0.0362,0.0777,10485.8532,True,12453.6989,0.1108,0.1029,10485.8532,12453.6989,-3.879258474626113e-05,-3.6995162917464007e-09,2.677644806681201e-05,,2.1500799306149926e-09
299,2019-12-31,315.8485,0.029,0.0925,10790.2947,True,12815.2738,0.1121,0.1042,10790.2947,12815.2738,3.889461549988482e-05,3.6045925140380845e-09,-1.7262731489608996e-05,,-1.3470435169016049e-09
300,2020-01-31,315.7209,-0.0004,0.1106,10785.9364,True,12810.0977,0.1074,0.0998,10790.2947,12815.2738,4.358263919441015,0.00040390592107192536,5.17610153703572,,0.00040390097143579715
301,2020-02-28,290.7266,-0.0792,0.0032,9932.0596,True,11795.9766,0.1037,0.0962,10790.2947,12815.2738,858.2351203736453,0.07953769051123741,1019.2972229117859,,0.07953768595344297
302,2020-03-31,254.4897,-0.1246,-0.1409,8694.1025,True,10325.6962,0.0979,0.0904,10790.2947,12815.2738,2096.1921570047143,0.1942664417687048,2489.577590288618,,0.19426643777900537
303,2020-04-30,286.8057,0.127,-0.0656,9798.1102,False,10325.6962,0.0979,0.0956,10790.2947,12815.2738,992.184489760044,0.09195156548968435,2489.577590288618,,0.19426643777900537
304,2020-05-29,300.4707,0.0476,-0.0487,10264.9439,True,10817.6669,0.0999,0.0976,10790.2947,12815.2738,525.3508168412991,0.04868734649492929,1997.6069363981405,,0.15587703919350832
305,2020-06-30,305.8073,0.0178,-0.0314,10447.2587,True,11009.7986,0.1007,0.0984,10790.2947,12815.2738,343.0359912175245,0.03179116055259589,1805.4752432936712,,0.14088464058361913
306,2020-07-31,323.817,0.0589,0.1138,11062.5208,True,11658.1899,0.1032,0.1009,11062.5208,12815.2738,9.609066182747483e-07,8.686145189211742e-11,1157.083941601395,,0.09028944364820321
307,2020-08-31,346.4183,0.0698,0.3612,11834.6476,True,12471.8924,0.1062,0.1039,11834.6476,12815.2738,-1.8252310837851837e-05,-1.5422775104728794e-09,343.38142147316285,,0.0267947003577218
308,2020-09-30,333.4629,-0.0374,0.1627,11392.0518,True,12005.4647,0.1045,0.1022,11834.6476,12815.2738,442.5957736759083,0.03739830611229254,809.8090889606356,,0.06319093150866863
309,2020-10-30,325.1484,-0.0249,0.0821,11108.0074,True,11706.1257,0.1034,0.1011,11834.6476,12815.2738,726.6401845261171,0.061399393466191346,1109.148066944419,,0.0865489168826357
310,2020-11-30,360.5171,0.1088,0.1789,12316.3017,True,12979.4815,0.108,0.1057,12316.3017,12979.4815,-2.3668811991228722e-05,-1.9217466872566723e-09,1.8679298591450788e-05,,1.4391405844255635e-09
311,2020-12-31,373.88,0.0371,0.1546,12772.8177,True,13460.5789,0.1096,0.1073,12772.8177,13460.5789,-2.5569108402123675e-05,-2.0018377309278967e-09,-2.0833358576055616e-06,,-1.5477312477292945e-10
312,2021-01-29,370.07,-0.0102,0.0683,12642.6572,True,13323.4097,0.1047,0.1025,12772.8177,13460.5789,130.1605487713714,0.010190433452390964,137.16915812030493,,0.010190435280633058
