,date,Adjusted Close,1 Month Change,Monthly Change Std,Unadjusted Equity,Unadjusted CAGR,Max Equity,Dropdown,DD Percentage
0,1995-01-31,29.2715,,0.04334676696458991,1000.0,0.10249949333071262,0.0,-1000.0,-inf
1,1995-02-28,30.4661,0.0408,,1040.8101,,1040.8101,1.2875376114607207e-05,1.2370533409127378e-08
2,1995-03-31,31.3145,0.0278,,1069.7923,,1069.7923,-1.0671178415577742e-05,-9.975000208524348e-09
3,1995-04-28,32.2421,0.0296,,1101.4831,,1101.4831,4.913656493954477e-05,4.4609458773852066e-08
4,1995-05-31,33.5213,0.0397,,1145.1826,,1145.1826,-3.9256953186850296e-05,-3.428008178507977e-08
5,1995-06-30,34.1989,0.0202,,1168.3332,,1168.3332,3.8614678487647325e-05,3.305108378983609e-08
6,1995-07-31,35.2989,0.0322,,1205.9131,,1205.9131,-2.5292251848441083e-05,-2.0973527734661048e-08
7,1995-08-31,35.4561,0.0045,,1211.2817,,1211.2817,8.434841674898053e-06,6.963567331115505e-09
8,1995-09-29,36.9588,0.0424,,1262.6183,,1262.6183,3.5540815588319674e-05,2.814850346167141e-08
9,1995-10-31,36.8502,-0.0029,,1258.9093,,1262.6183,3.7090063041384838,0.0029375515182525737
10,1995-11-30,38.4893,0.0445,,1314.9047,,1314.9047,-1.5519649650741485e-05,-1.1802870315043732e-08
11,1995-12-29,39.0884,0.0156,,1335.3738,,1335.3738,2.7428302018961404e-05,2.0539793441328115e-08
12,1996-01-31,40.4791,0.0356,,1382.884,,1382.884,4.71863472739642e-05,3.4121695871789826e-08
13,1996-02-29,40.6083,0.0032,,1387.2973,,1387.2973,3.695268469527946e-05,2.6636456868530962e-08
14,1996-03-29,41.3079,0.0172,,1411.198,,1411.198,4.420668028615182e-05,3.132563983661529e-08
15,1996-04-30,41.7569,0.0109,,1426.5366,,1426.5366,3.774799847633403e-05,2.6461289865492436e-08
16,1996-05-31,42.7048,0.0227,,1458.9196,,1458.9196,-2.579784063527768e-05,-1.7682839160758196e-08
17,1996-06-28,43.0795,0.0088,,1471.721,,1471.721,1.235146078215621e-05,8.392528734832355e-09
18,1996-07-31,41.1437,-0.0449,,1405.5882,,1471.721,66.13279603214414,0.04493568823992057
19,1996-08-30,41.9361,0.0193,,1432.659,,1471.721,39.06203575090785,0.026541739739330928
20,1996-09-30,44.2784,0.0559,,1512.677,,1512.677,8.243524689532933e-06,5.449626516125342e-09
21,1996-10-31,45.7099,0.0323,,1561.583,,1561.583,4.24360046054062e-05,2.7174991406416563e-08
22,1996-11-29,49.047,0.073,,1675.5855,,1675.5855,4.047519860250759e-05,2.4155853940313755e-08
23,1996-12-31,47.9046,-0.0233,,1636.5583,,1675.5855,39.02722723733018,0.02329169549231011
24,1997-01-31,50.8644,0.0618,,1737.6745,,1737.6745,-1.4538118875861983e-05,-8.36642240872038e-09
25,1997-02-28,51.3509,0.0096,,1754.2964,,1754.2964,3.7499074096558616e-05,2.137556350030623e-08
26,1997-03-31,49.0845,-0.0441,,1676.8691,,1754.2964,77.42733521497166,0.04413583429514629
27,1997-04-30,52.1574,0.0626,,1781.846,,1781.846,-7.080217528709909e-06,-3.9735294344796965e-09
28,1997-05-30,55.4541,0.0632,,1894.4715,,1894.4715,-4.12816359585122e-05,-2.1790581678590677e-08
29,1997-06-30,57.7342,0.0411,,1972.3653,,1972.3653,1.0499959671506076e-05,5.3235370098561745e-09
30,1997-07-31,62.3104,0.0793,,2128.7028,,2128.7028,-7.13957115294761e-06,-3.3539539446030746e-09
31,1997-08-29,59.0825,-0.0518,,2018.429,,2128.7028,110.2737776226536,0.0518032755078133
32,1997-09-30,61.9237,0.0481,,2115.4912,,2128.7028,13.211639074178038,0.006206427254278069
33,1997-10-31,60.4063,-0.0245,,2063.6546,,2128.7028,65.04817745550417,0.030557660494224075
34,1997-11-28,62.7439,0.0387,,2143.5109,,2143.5109,-1.1401660685805837e-05,-5.319152184299989e-09
35,1997-12-31,63.9421,0.0191,,2184.4453,,2184.4453,3.611775900935754e-05,1.65340642813796e-08
36,1998-01-30,64.7655,0.0129,,2212.5772,,2212.5772,-5.465720732900081e-06,-2.4702960569692577e-09
37,1998-02-27,69.2534,0.0693,,2365.8963,,2365.8963,1.2912340480397688e-05,5.45769503101116e-09
38,1998-03-31,72.6304,0.0488,,2481.262,,2481.262,1.2459103345463518e-05,5.021276812147817e-09
39,1998-04-30,73.5594,0.0128,,2512.9995,,2512.9995,-3.521672624628991e-06,-1.4013821429845055e-09
40,1998-05-29,72.0316,-0.0208,,2460.807,,2512.9995,52.192545389107636,0.02076902338783101
41,1998-06-30,75.0995,0.0426,,2565.6143,,2565.6143,2.6441277896083193e-05,1.030602218583019e-08
42,1998-07-31,74.0846,-0.0135,,2530.9426,,2565.6143,34.67168962201913,0.013513991414071527
43,1998-08-31,63.6254,-0.1412,,2173.6258,,2565.6143,391.988528248683,0.15278544723136403
44,1998-09-30,67.6731,0.0636,,2311.9074,,2565.6143,253.70691679877564,0.09888739581735868
45,1998-10-30,73.1601,0.0811,,2499.3593,,2565.6143,66.25496680828746,0.02582421169397421
46,1998-11-30,77.2338,0.0557,,2638.5282,,2638.5282,-5.152122412255267e-06,-1.9526501222368084e-09
47,1998-12-31,82.2853,0.0654,,2811.103,,2811.103,3.946604829252465e-05,1.4039346225493924e-08
48,1999-01-29,85.1838,0.0352,,2910.1244,,2910.1244,1.425559048584546e-05,4.898618933900372e-09
49,1999-02-26,82.4521,-0.0321,,2816.8021,,2910.1244,93.32229509701847,0.03206814632976462
50,1999-03-31,85.8747,0.0415,,2933.7284,,2933.7284,6.3148431763693225e-06,2.152497544206656e-09
51,1999-04-30,89.1358,0.038,,3045.1358,,3045.1358,-1.0408948583062738e-06,-3.4182214740842554e-10
52,1999-05-31,87.0976,-0.0229,,2975.5055,,3045.1358,69.63033699166544,0.022866085969520784
53,1999-06-30,91.9206,0.0554,,3140.2737,,3140.2737,1.4162715160637163e-05,4.5100257218462075e-09
54,1999-07-30,89.0691,-0.031,,3042.8564,,3140.2737,97.4172635406926,0.03102190218027575
55,1999-08-31,88.6078,-0.0052,,3027.0978,,3140.2737,113.1759362336361,0.036040150332640145
56,1999-09-30,86.6257,-0.0224,,2959.3825,,3140.2737,180.8911634847973,0.05760362973609506
57,1999-10-29,92.1764,0.0641,,3149.0129,,3149.0129,2.619493807287654e-05,8.318460071369203e-09
58,1999-11-30,93.7113,0.0167,,3201.4475,,3201.4475,2.207790021202527e-05,6.896224352273548e-09
59,1999-12-31,99.0613,0.0571,,3384.2177,,3384.2177,-4.192743426756351e-05,-1.2389106725481493e-08
60,2000-01-31,94.1293,-0.0498,,3215.7269,,3384.2177,168.49079884049297,0.04978722227015507
61,2000-02-29,92.696,-0.0152,,3166.7638,,3384.2177,217.4539491487708,0.06425530755564891
62,2000-03-31,101.6778,0.0969,,3473.6071,,3473.6071,-3.0531359243468614e-05,-8.789525805456989e-09
63,2000-04-28,98.1068,-0.0351,,3351.6111,,3473.6071,121.99596244635586,0.03512082942436289
64,2000-05-31,96.5643,-0.0157,,3298.9162,,3473.6071,174.69093488759563,0.05029093097132247
65,2000-06-30,98.4671,0.0197,,3363.9184,,3473.6071,109.68874213858999,0.03157776310930214
66,2000-07-31,96.9209,-0.0157,,3311.0981,,3473.6071,162.50895426796706,0.0467839193062356
67,2000-08-31,103.2538,0.0653,,3527.4472,,3527.4472,-4.355391092758509e-05,-1.2347147514379548e-08
68,2000-09-29,97.5948,-0.0548,,3334.1187,,3527.4472,193.32850225246466,0.054806915962474126
69,2000-10-31,97.1382,-0.0047,,3318.521,,3527.4472,208.92616531739304,0.05922871512219745
70,2000-11-30,89.8865,-0.0747,,3070.7832,,3527.4472,456.664010325243,0.12946019725688396
71,2000-12-29,89.4233,-0.0052,,3054.9585,,3527.4472,472.4887261895574,0.13394636387174197
72,2001-01-31,93.399,0.0445,,3190.7798,,3527.4472,336.6674206668931,0.09544222821163506
73,2001-02-28,84.4899,-0.0954,,2886.419,,3527.4472,641.0281916035124,0.18172580771825936
74,2001-03-30,79.7594,-0.056,,2724.8104,,3527.4472,802.6368329678967,0.22754042440887468
75,2001-04-30,86.574,0.0854,,2957.6184,,3527.4472,569.8288430534426,0.16154142379606493
76,2001-05-31,86.0887,-0.0056,,2941.0391,,3527.4472,586.4081077784044,0.16624149832162036
77,2001-06-29,84.0372,-0.0238,,2870.9532,,3527.4472,656.4939612469011,0.18611021626259952
78,2001-07-31,83.1804,-0.0102,,2841.6817,,3527.4472,685.7655077952031,0.19440844013064268
79,2001-08-31,78.2451,-0.0593,,2673.0777,,3527.4472,854.3695222532888,0.24220618305875385
80,2001-09-28,71.8608,-0.0816,,2454.9733,,3527.4472,1072.4739432860256,0.30403685228400457
81,2001-10-31,72.7966,0.013,,2486.9415,,3527.4472,1040.505674232047,0.2949741314999831
82,2001-11-30,78.4731,0.078,,2680.8665,,3527.4472,846.5806552712056,0.23999810834056015
83,2001-12-31,78.9138,0.0056,,2695.9233,,3527.4472,831.5238690000556,0.23572964295540855
84,2002-01-31,78.1406,-0.0098,,2669.5065,,3527.4472,857.9406856144328,0.2432185762027658
85,2002-02-28,76.739,-0.0179,,2621.6262,,3527.4472,905.820990308433,0.25679221798371155
86,2002-03-29,79.29,0.0332,,2708.7763,,3527.4472,818.670934014443,0.23208594986607964
87,2002-04-30,74.6789,-0.0582,,2551.2454,,3527.4472,976.2018418787907,0.27674456527054203
88,2002-05-31,74.2358,-0.0059,,2536.1072,,3527.4472,991.3399562312889,0.28103608644554307
89,2002-06-28,68.7607,-0.0738,,2349.0623,,3527.4472,1178.3848647325708,0.33406165930210685
90,2002-07-31,63.341,-0.0788,,2163.91,,3527.4472,1363.5371955231194,0.38655070316094864
91,2002-08-30,63.7718,0.0068,,2178.6271,,3527.4472,1348.8200682243282,0.3823785280823844
92,2002-09-30,57.0851,-0.1049,,1950.1924,,3527.4472,1577.2548277246678,0.44713775665434985
93,2002-10-31,61.7823,0.0823,,2110.6617,,3527.4472,1416.7854952354205,0.40164612392650995
94,2002-11-29,65.5931,0.0617,,2240.8495,,3527.4472,1286.5976736986577,0.36473903101899235
95,2002-12-31,61.8782,-0.0566,,2113.936,,3527.4472,1413.5112039843575,0.4007178913930611
96,2003-01-31,60.3563,-0.0246,,2061.944,,3527.4472,1465.5031741177268,0.4154571538640541
97,2003-02-28,59.5427,-0.0135,,2034.1512,,3527.4472,1493.295956801675,0.4233361612901463
98,2003-03-31,59.6654,0.0021,,2038.3416,,3527.4472,1489.1056434170016,0.4221482446050508
99,2003-04-30,64.7138,0.0846,,2210.8094,,3527.4472,1316.6378414847186,0.37325515219185096
100,2003-05-30,68.2624,0.0548,,2332.0417,,3527.4472,1195.4055141388253,0.33888686247063465
101,2003-06-30,68.9903,0.0107,,2356.9062,,3527.4472,1170.5410002001831,0.33183799326611696
102,2003-07-31,70.234,0.018,,2399.3948,,3527.4472,1128.0524233989267,0.3197928585292295
103,2003-08-29,71.6826,0.0206,,2448.8843,,3527.4472,1078.5628717378945,0.3057630095038402
104,2003-09-30,70.9023,-0.0109,,2422.2252,,3527.4472,1105.2220187576117,0.31332064127213916
105,2003-10-31,74.6974,0.0535,,2551.8792,,3527.4472,975.567995325739,0.27656487539366686
106,2003-11-28,75.5132,0.0109,,2579.7486,,3527.4472,947.698615548858,0.2686641533709868
107,2003-12-31,79.3132,0.0503,,2709.5687,,3527.4472,817.8784858689105,0.231861297844206
108,2004-01-30,80.8813,0.0198,,2763.1368,,3527.4472,764.3103508686122,0.21667520661077852
109,2004-02-27,81.9789,0.0136,,2800.6343,,3527.4472,726.8128706400394,0.20604500349148794
110,2004-03-31,80.8969,-0.0132,,2763.6727,,3527.4472,763.7745212509567,0.21652330366587957
111,2004-04-30,79.3663,-0.0189,,2711.3804,,3527.4472,816.0668012982301,0.23134770133433324
112,2004-05-31,80.7253,0.0171,,2757.8082,,3527.4472,769.6390054545864,0.21818583293169813
113,2004-06-30,82.2181,0.0185,,2808.8063,,3527.4472,718.6409313512522,0.20372833117140696
114,2004-07-30,79.5691,-0.0322,,2718.3103,,3527.4472,809.1369031344611,0.22938313665884527
115,2004-08-31,79.7629,0.0024,,2724.9321,,3527.4472,802.5151294214293,0.22750592253271126
116,2004-09-30,80.562,0.01,,2752.2285,,3527.4472,775.2186668370487,0.2197676174535082
117,2004-10-29,81.6,0.0129,,2787.6902,,3527.4472,739.7570056383975,0.2097145509756737
118,2004-11-30,85.232,0.0445,,2911.7704,,3527.4472,615.6767501163254,0.17453889887177484
119,2004-12-31,87.802,0.0302,,2999.568,,3527.4472,527.8792237445941,0.1496490787288309
120,2005-01-31,85.8334,-0.0224,,2932.3153,,3527.4472,595.1318589241205,0.1687146044097047
121,2005-02-28,87.6276,0.0209,,2993.6119,,3527.4472,533.8353277715255,0.15133758140207612
122,2005-03-31,86.0257,-0.0183,,2938.8867,,3527.4472,588.5604654055496,0.1668516726219317
123,2005-04-29,84.414,-0.0187,,2883.8262,,3527.4472,643.6209672664186,0.182460836626107
124,2005-05-31,87.1342,0.0322,,2976.7565,,3527.4472,550.6906821751295,0.15611592490317913
125,2005-06-30,87.2647,0.0015,,2981.2126,,3527.4472,546.2345705462999,0.15485265677294896
126,2005-07-29,90.6035,0.0383,,3095.2781,,3527.4472,432.1690928820726,0.12251610538127193
127,2005-08-31,89.7542,-0.0094,,3066.2615,,3527.4472,461.18566215218425,0.13074204545207205
128,2005-09-30,90.4716,0.008,,3090.7693,,3527.4472,436.6779364131403,0.12379432253816308
129,2005-10-31,88.3318,-0.0237,,3017.6699,,3527.4472,509.77734186452653,0.14451735574228483
130,2005-11-30,92.2142,0.044,,3150.3038,,3527.4472,377.14337555671045,0.10691680248444553
131,2005-12-30,92.0391,-0.0019,,3144.3211,,3527.4472,383.1261070276955,0.10861285380194934
132,2006-01-31,94.2493,0.024,,3219.8292,,3527.4472,307.6180062469962,0.08720697683213974
133,2006-02-28,94.789,0.0057,,3238.2642,,3527.4472,289.1830067799233,0.08198081796374536
134,2006-03-31,96.3534,0.0165,,3291.7092,,3527.4472,235.73802838271422,0.06682964053514798
135,2006-04-28,97.5705,0.0126,,3333.2897,,3527.4472,194.15750256875845,0.05504193020061603
136,2006-05-31,94.6316,-0.0301,,3232.8879,,3527.4472,294.559295893077,0.0835049482507001
137,2006-06-30,94.8818,0.0026,,3241.4369,,3527.4472,286.010261274575,0.08108137274870478
138,2006-07-31,95.3067,0.0045,,3255.9531,,3527.4472,271.4941092612503,0.07696617238133296
139,2006-08-31,97.3866,0.0218,,3327.006,,3527.4472,200.4412150766011,0.05682330697298633
140,2006-09-29,100.0154,0.027,,3416.8141,,3527.4472,110.63305758746219,0.03136349073841904
141,2006-10-31,103.1675,0.0315,,3524.5006,,3527.4472,2.946603229059292,0.0008353358851294194
142,2006-11-30,105.2191,0.0199,,3594.5866,,3594.5866,-2.0954767478542635e-05,-5.8295347449808654e-09
143,2006-12-29,106.6257,0.0134,,3642.6399,,3642.6399,3.942847797588911e-05,1.0824149259411865e-08
144,2007-01-31,108.2293,0.015,,3697.4262,,3697.4262,-1.4024408301338553e-09,-3.793019128100124e-13
145,2007-02-28,106.1062,-0.0196,,3624.8922,,3697.4262,72.53403663131576,0.019617439999563956
146,2007-03-30,107.3372,0.0116,,3666.9486,,3697.4262,30.47763042038241,0.008242931372202212
147,2007-04-30,112.0918,0.0443,,3829.3787,,3829.3787,-1.6296713511110283e-05,-4.255706940426206e-09
148,2007-05-31,115.894,0.0339,,3959.2717,,3959.2717,7.348498002102133e-06,1.8560226624765695e-09
149,2007-06-29,114.1964,-0.0146,,3901.2791,,3959.2717,57.9925717288761,0.014647282662838245
150,2007-07-31,110.6209,-0.0313,,3779.1293,,3959.2717,180.1423712279243,0.04549886566964432
151,2007-08-31,112.0405,0.0128,,3827.6261,,3959.2717,131.64557668506905,0.03324994763180033
152,2007-09-28,116.3764,0.0387,,3975.7521,,3975.7521,7.980400368978735e-06,2.0072681012930194e-09
153,2007-10-31,117.9552,0.0136,,4029.6895,,4029.6895,-3.4125029287679354e-05,-8.468401669081291e-09
154,2007-11-30,113.3865,-0.0387,,3873.6093,,4029.6895,156.08015306294556,0.03873255074936805
155,2007-12-31,112.1016,-0.0113,,3829.713,,4029.6895,199.97647703964822,0.0496257781250015
156,2008-01-31,105.3238,-0.0605,,3598.1645,,4029.6895,431.52498575038,0.10708641093820752
157,2008-02-29,102.602,-0.0258,,3505.1788,,4029.6895,524.5106544735172,0.13016155574108557
158,2008-03-31,101.6753,-0.009,,3473.5219,,4029.6895,556.1675526943868,0.13801747074914503
159,2008-04-30,106.5214,0.0477,,3639.078,,4029.6895,390.6115017575353,0.09693339939901953
160,2008-05-30,108.1316,0.0151,,3694.0882,,4029.6895,335.6012795600186,0.08328216840528746
161,2008-06-30,99.1027,-0.0835,,3385.6353,,4029.6895,644.0541507655771,0.15982723998104
162,2008-07-31,98.2122,-0.009,,3355.2128,,4029.6895,674.4767476259663,0.1673768531361948
163,2008-08-29,99.73,0.0155,,3407.0632,,4029.6895,622.6263439834056,0.15450975664090388
164,2008-09-30,90.3181,-0.0944,,3085.5275,,4029.6895,944.1619896981938,0.234301424389694
165,2008-10-31,75.3988,-0.1652,,2575.8396,,4029.6895,1453.8498574002742,0.36078458585959894
166,2008-11-28,70.1505,-0.0696,,2396.5442,,4029.6895,1633.1452646869934,0.40527818947017963
167,2008-12-31,70.8405,0.0098,,2420.115,,4029.6895,1609.5745044679934,0.399428914924585
168,2009-01-30,65.0235,-0.0821,,2221.3889,,4029.6895,1808.3005997029973,0.4487444007045697
169,2009-02-27,58.0368,-0.1074,,1982.7029,,4029.6895,2046.9866455548463,0.507976271014143
170,2009-03-31,62.8819,0.0835,,2148.2274,,4029.6895,1881.4621207150499,0.46690002311965967
171,2009-04-30,69.129,0.0993,,2361.6454,,4029.6895,1668.0441241751323,0.41393862335426396
172,2009-05-29,73.1698,0.0585,,2499.6917,,4029.6895,1529.997790289312,0.3796813105052665
173,2009-06-30,73.1205,-0.0007,,2498.0082,,4029.6895,1531.6813265203027,0.38009909362006744
174,2009-07-31,78.5758,0.0746,,2684.374,,4029.6895,1345.3154850066362,0.3338509046433072
175,2009-08-31,81.4783,0.0369,,2783.5337,,4029.6895,1246.1557772669084,0.3092436221865006
176,2009-09-30,84.3673,0.0355,,2882.2301,,4029.6895,1147.4593877000925,0.28475131587684177
177,2009-10-30,82.7453,-0.0192,,2826.8184,,4029.6895,1202.8711419185952,0.29850219028503194
178,2009-11-30,87.843,0.0616,,3000.9696,,4029.6895,1028.719914374728,0.25528515643071953
179,2009-12-31,89.5183,0.0191,,3058.2041,,4029.6895,971.4853912545186,0.24108194719581214
180,2010-01-29,86.265,-0.0363,,2947.0616,,4029.6895,1082.6279490453758,0.268662870686532
181,2010-02-26,88.956,0.0312,,3038.9943,,4029.6895,990.6952160580036,0.24584902039177053
182,2010-03-31,94.3739,0.0609,,3224.085,,4029.6895,805.604532455031,0.19991727215087687
183,2010-04-30,95.8339,0.0155,,3273.9618,,4029.6895,755.7276624443816,0.18753992396793392
184,2010-05-31,88.2195,-0.0795,,3013.8305,,4029.6895,1015.8589623893881,0.2520936073087984
185,2010-06-30,83.6547,-0.0517,,2857.8844,,4029.6895,1171.8050683205506,0.29079289317962354
186,2010-07-30,89.3683,0.0683,,3053.08,,4029.6895,976.6095127745848,0.2423535393420721
187,2010-08-31,85.3485,-0.045,,2915.7509,,4029.6895,1113.938584475869,0.2764328577861567
188,2010-09-30,92.9918,0.0896,,3176.8674,,4029.6895,852.8220705049371,0.21163468562650722
189,2010-10-29,96.5443,0.0382,,3298.2303,,4029.6895,731.4592211892568,0.1815175142375751
190,2010-11-30,96.5443,0.0,,3298.2303,,4029.6895,731.4592211892568,0.1815175142375751
191,2010-12-31,102.9977,0.0668,,3518.698,,4029.6895,510.991506471938,0.1268066699610325
192,2011-01-31,105.3976,0.0233,,3600.6844,,4029.6895,429.005143679512,0.10646109177382328
193,2011-02-28,109.0588,0.0347,,3725.7625,,4029.6895,303.9269724579881,0.0754219332427444
194,2011-03-31,109.0705,0.0001,,3726.1609,,4029.6895,303.5285577315126,0.07532306341009962
195,2011-04-29,112.2293,0.029,,3834.076,,4029.6895,195.61349612508593,0.048543069168253766
196,2011-05-31,110.9707,-0.0112,,3791.0786,,4029.6895,238.61090348637845,0.05921322312460512
197,2011-06-30,109.0967,-0.0169,,3727.0581,,4029.6895,302.631386507911,0.07510042312389353
198,2011-07-29,106.9143,-0.02,,3652.5,,4029.6895,377.1894938019518,0.09360261970604729
199,2011-08-31,101.0366,-0.055,,3451.7015,,4029.6895,577.9880327620222,0.14343239913696135
200,2011-09-30,94.0197,-0.0694,,3211.9833,,4029.6895,817.706210798704,0.20292040138544273
201,2011-10-31,104.2817,0.1091,,3562.5621,,4029.6895,467.1273895712334,0.11592143503146667
202,2011-11-30,103.8579,-0.0041,,3548.0848,,4029.6895,481.6047336080519,0.11951410489767311
203,2011-12-30,104.9422,0.0104,,3585.1268,,4029.6895,444.5627382191401,0.11032183452822857
204,2012-01-31,109.8088,0.0464,,3751.3852,,4029.6895,278.3042700615738,0.06906345267087546
205,2012-02-29,114.5751,0.0434,,3914.2157,,4029.6895,115.47381156008578,0.028655759100071055
206,2012-03-30,118.2595,0.0322,,4040.0842,,4040.0842,-4.7956095386325615e-05,-1.1870073249049021e-08
207,2012-04-30,117.47,-0.0067,,4013.114,,4040.0842,26.970189904595372,0.00667565044921474
208,2012-05-31,110.4153,-0.0601,,3772.1034,,4040.0842,267.9808261020062,0.0663305052162047
209,2012-06-29,114.8903,0.0405,,3924.9821,,4040.0842,115.10213934997955,0.028490034774517708
210,2012-07-31,116.2494,0.0118,,3971.4128,,4040.0842,68.67141842585488,0.016997521592707125
211,2012-08-31,119.1617,0.0251,,4070.9072,,4070.9072,1.6448028418381e-05,4.04038402505982e-09
212,2012-09-28,122.1832,0.0254,,4174.1304,,4174.1304,1.1355392416589893e-05,2.720421100545851e-09
213,2012-10-31,119.9597,-0.0182,,4098.1686,,4174.1304,75.96182019167372,0.01819823841432307
214,2012-11-30,120.6386,0.0057,,4121.363,,4174.1304,52.76737474548008,0.01264152522534516
215,2012-12-31,121.7242,0.009,,4158.4484,,4174.1304,15.68204688917649,0.003756961423432409
216,2013-01-31,127.9553,0.0512,,4371.3203,,4371.3203,3.835564621113008e-05,8.774384757650927e-09
217,2013-02-28,129.5878,0.0128,,4427.0933,,4427.0933,1.4310826372820884e-05,3.2325558561914388e-09
218,2013-03-29,134.509,0.038,,4595.2142,,4595.2142,1.0324577488063369e-05,2.246810929523888e-09
219,2013-04-30,137.0932,0.0192,,4683.4991,,4683.4991,1.3977921298646834e-05,2.9845038933917664e-09
220,2013-05-31,140.3299,0.0236,,4794.0752,,4794.0752,1.45658932524384e-05,3.0383113832754226e-09
221,2013-06-28,138.4551,-0.0134,,4730.0244,,4794.0752,64.05081044444341,0.013360410042054287
222,2013-07-31,145.61,0.0517,,4974.4571,,4974.4571,-4.226434884913033e-05,-8.496273663538143e-09
223,2013-08-30,141.2428,-0.03,,4825.2618,,4974.4571,149.1953411743889,0.02999228622845876
224,2013-09-30,145.7176,0.0317,,4978.1324,,4978.1324,-3.2756028303992935e-05,-6.579983349577631e-09
225,2013-10-31,152.4653,0.0463,,5208.6537,,5208.6537,4.632255786418682e-05,8.893384074312105e-09
226,2013-11-29,156.984,0.0296,,5363.0258,,5363.0258,-3.375294363650028e-05,-6.29363812430294e-09
227,2013-12-31,161.0492,0.0259,,5501.906,,5501.906,4.925534722133307e-05,8.952415257791221e-09
228,2014-01-31,155.3725,-0.0352,,5307.9734,,5501.906,193.9326267603101,0.03524826246764486
229,2014-02-28,162.4444,0.0455,,5549.5699,,5549.5699,2.8515241865534335e-05,5.138279610737822e-09
230,2014-03-31,163.7945,0.0083,,5595.6906,,5595.6906,1.1031023859686684e-05,1.971342707848551e-09
231,2014-04-30,164.9331,0.007,,5634.589,,5634.589,-3.164886129525257e-05,-5.616889057081639e-09
232,2014-05-30,168.7606,0.0232,,5765.3476,,5765.3476,-4.2813005165953655e-05,-7.42591915289785e-09
233,2014-06-30,172.2427,0.0206,,5884.3062,,5884.3062,-1.0653770004864782e-05,-1.8105397038761821e-09
234,2014-07-31,169.9282,-0.0134,,5805.2355,,5884.3062,79.07072986307867,0.0134375620804843
235,2014-08-29,176.6341,0.0395,,6034.3302,,6034.3302,3.6805320632993244e-05,6.099321617002868e-09
236,2014-09-30,174.1981,-0.0138,,5951.1095,,6034.3302,83.22066302376425,0.013791201386984796
237,2014-10-31,178.3006,0.0236,,6091.2636,,6091.2636,2.6624848942446988e-05,4.370989451588828e-09
238,2014-11-28,183.1989,0.0275,,6258.6027,,6258.6027,4.006099698017351e-05,6.400949045730848e-09
239,2014-12-31,182.7299,-0.0026,,6242.5796,,6258.6027,16.02307594872582,0.002560168254285548
240,2015-01-30,177.3157,-0.0296,,6057.6166,,6258.6027,200.98614839255788,0.03211358158148589
241,2015-02-27,187.2817,0.0562,,6398.0822,,6398.0822,-3.996580926468596e-05,-6.246529509215427e-09
242,2015-03-31,184.333,-0.0157,,6297.3458,,6398.0822,100.73639789986646,0.015744780193644038
243,2015-04-30,186.1457,0.0098,,6359.2729,,6398.0822,38.809294385177964,0.006065769893543719
244,2015-05-29,188.5388,0.0129,,6441.0289,,6441.0289,1.536180207040161e-05,2.384991949097078e-09
245,2015-06-30,184.7491,-0.0201,,6311.5625,,6441.0289,129.46641469666702,0.02010026918163137
246,2015-07-31,188.8409,0.0221,,6451.3494,,6451.3494,1.4249344530981034e-05,2.2087386138132643e-09
247,2015-08-31,177.2565,-0.0613,,6055.5931,,6451.3494,395.7563486294357,0.0613447395407596
248,2015-09-30,172.8269,-0.025,,5904.2641,,6451.3494,547.0852581454174,0.08480167856749742
249,2015-10-30,187.5666,0.0853,,6407.8169,,6451.3494,43.53248358837118,0.006747810557024113
250,2015-11-30,188.2522,0.0037,,6431.238,,6451.3494,20.11142430505879,0.00311739809117435
251,2015-12-31,185.0182,-0.0172,,6320.7544,,6451.3494,130.595032378209,0.020243056805791512
252,2016-01-29,175.8068,-0.0498,,6006.0653,,6451.3494,445.28405239091444,0.06902184717989611
253,2016-02-29,175.6616,-0.0008,,6001.1046,,6451.3494,450.2447609858218,0.06979078841797373
254,2016-03-31,187.4735,0.0672,,6404.6341,,6451.3494,46.71528518012292,0.007241164953819261
255,2016-04-29,188.2124,0.0039,,6429.8761,,6451.3494,21.473261423787335,0.0033284914662639934
256,2016-05-31,191.4141,0.017,,6539.2583,,6539.2583,-2.463065266056219e-05,-3.7665820083238174e-09
257,2016-06-30,192.0836,0.0035,,6562.1289,,6562.1289,3.0019980840734206e-05,4.5747319655263416e-09
258,2016-07-29,199.0891,0.0365,,6801.458,,6801.458,3.434349491726607e-05,5.049431300945484e-09
259,2016-08-31,199.3275,0.0012,,6809.603,,6809.603,1.2575781511259265e-05,1.846771612274499e-09
260,2016-09-30,199.3431,0.0001,,6810.1332,,6810.1332,2.291488544869935e-05,3.364821916948607e-09
261,2016-10-31,195.887,-0.0173,,6692.0657,,6810.1332,118.06751741488824,0.017337034966494965
262,2016-11-30,203.1032,0.0368,,6938.5907,,6938.5907,2.5931992240657564e-05,3.737357247583081e-09
263,2016-12-30,207.2228,0.0203,,7079.3273,,7079.3273,-4.8642132242093794e-05,-6.871010504358768e-09
264,2017-01-31,210.931,0.0179,,7206.0097,,7206.0097,-1.5756580978631973e-05,-2.186588921554182e-09
265,2017-02-28,219.2188,0.0393,,7489.1449,,7489.1449,3.040193041670136e-05,4.059466177066671e-09
266,2017-03-31,219.4946,0.0013,,7498.5669,,7498.5669,4.716599232779117e-05,6.29000087040514e-09
267,2017-04-28,221.6733,0.0099,,7572.999,,7572.999,4.5833496187697165e-05,6.052225305681034e-09
268,2017-05-31,224.8018,0.0141,,7679.876,,7679.876,4.5362715354713146e-05,5.906698930388087e-09
269,2017-06-30,226.2347,0.0064,,7728.8299,,7728.8299,4.237905886839144e-05,5.4832438307888545e-09
270,2017-07-31,230.8848,0.0206,,7887.6895,,7887.6895,3.3007818274199963e-06,4.18472586607269e-10
271,2017-08-31,231.5584,0.0029,,7910.7034,,7910.7034,1.8154309145756997e-05,2.2949045398108337e-09
272,2017-09-29,236.2222,0.0201,,8070.0324,,8070.0324,2.7823847631225362e-05,3.4477987512448353e-09
273,2017-10-31,241.7886,0.0236,,8260.1951,,8260.1951,-3.79400316887768e-05,-4.593115686671468e-09
274,2017-11-30,249.1791,0.0306,,8512.6748,,8512.6748,4.3999063564115204e-05,5.168653166935873e-09
275,2017-12-29,252.1908,0.0121,,8615.5653,,8615.5653,3.503964398987591e-05,4.067016239767333e-09
276,2018-01-31,266.4041,0.0564,,9101.1311,,9101.1311,-1.0663537977961823e-05,-1.1716717252827863e-09
277,2018-02-28,256.7175,-0.0364,,8770.2102,,9101.1311,330.92086157300764,0.036360410364048884
278,2018-03-30,249.6795,-0.0274,,8529.7706,,9101.1311,571.3605157821057,0.06277906663514667
279,2018-04-30,250.9699,0.0052,,8573.8538,,9101.1311,527.2773389080903,0.05793536354048238
280,2018-05-31,257.0707,0.0243,,8782.2764,,9101.1311,318.85467177298233,0.03503462023231182
281,2018-06-29,258.5502,0.0058,,8832.8199,,9101.1311,268.3111588987558,0.029481078335280304
282,2018-07-31,268.1286,0.037,,9160.0458,,9160.0458,-3.4672226320253685e-05,-3.785158620086123e-09
283,2018-08-31,276.6872,0.0319,,9452.4328,,9452.4328,4.749058098241221e-05,5.024164888261592e-09
284,2018-09-28,278.333,0.0059,,9508.6585,,9508.6585,-4.1878305637510493e-05,-4.404228592025941e-09
285,2018-10-31,259.099,-0.0691,,8851.5694,,9508.6585,657.089082041457,0.06910428869029811
286,2018-11-30,263.9051,0.0185,,9015.7599,,9508.6585,492.89856924531705,0.05183681475628945
287,2018-12-31,240.6983,-0.0879,,8222.9481,,9508.6585,1285.7103538932697,0.1352146944696005
288,2019-01-31,259.97,0.0801,,8881.3236,,9508.6585,627.3349041352176,0.06597512195176823
289,2019-02-28,268.3971,0.0324,,9169.2189,,9508.6585,339.43959252416244,0.03569794756265171
290,2019-03-29,273.2495,0.0181,,9334.9883,,9508.6585,173.6701761425411,0.018264424591811886
291,2019-04-30,284.4124,0.0409,,9716.3455,,9716.3455,3.490337803668808e-05,3.5922331124071375e-09
292,2019-05-31,266.2751,-0.0638,,9096.7227,,9716.3455,619.6227730538776,0.06377117539242276
293,2019-06-28,284.8058,0.0696,,9729.7865,,9729.7865,-6.996679076110013e-06,-7.190989315243466e-10
294,2019-07-31,289.1119,0.0151,,9876.8956,,9876.8956,3.4211145248264074e-05,3.4637548713448056e-09
295,2019-08-30,284.2712,-0.0167,,9711.5224,,9876.8956,165.3731973653994,0.01674343883572075
296,2019-09-30,289.8085,0.0195,,9900.6925,,9900.6925,-1.909493948915042e-05,-1.928646858707148e-09
297,2019-10-31,296.2146,0.0221,,10119.544,,10119.544,3.727870716829784e-05,3.6838327071158387e-09
298,2019-11-29,306.937,0.0362,,10485.8532,,10485.8532,-3.879258474626113e-05,-3.6995162917464007e-09
299,2019-12-31,315.8485,0.029,,10790.2947,,10790.2947,3.889461549988482e-05,3.6045925140380845e-09
300,2020-01-31,315.7209,-0.0004,,10785.9364,,10790.2947,4.358263919441015,0.00040390592107192536
301,2020-02-28,290.7266,-0.0792,,9932.0596,,10790.2947,858.2351203736453,0.07953769051123741
302,2020-03-31,254.4897,-0.1246,,8694.1025,,10790.2947,2096.1921570047143,0.1942664417687048
303,2020-04-30,286.8057,0.127,,9798.1102,,10790.2947,992.184489760044,0.09195156548968435
304,2020-05-29,300.4707,0.0476,,10264.9439,,10790.2947,525.3508168412991,0.04868734649492929
305,2020-06-30,305.8073,0.0178,,10447.2587,,10790.2947,343.0359912175245,0.03179116055259589
306,2020-07-31,323.817,0.0589,,11062.5208,,11062.5208,9.609066182747483e-07,8.686145189211742e-11
307,2020-08-31,346.4183,0.0698,,11834.6476,,11834.6476,-1.8252310837851837e-05,-1.5422775104728794e-09
308,2020-09-30,333.4629,-0.0374,,11392.0518,,11834.6476,442.5957736759083,0.03739830611229254
309,2020-10-30,325.1484,-0.0249,,11108.0074,,11834.6476,726.6401845261171,0.061399393466191346
310,2020-11-30,360.5171,0.1088,,12316.3017,,12316.3017,-2.3668811991228722e-05,-1.9217466872566723e-09
311,2020-12-31,373.88,0.0371,,12772.8177,,12772.8177,-2.5569108402123675e-05,-2.0018377309278967e-09
312,2021-01-29,370.07,-0.0102,,12642.6572,,12772.8177,130.1605487713714,0.010190433452390964
